k,sample_size,seed_a,seed_b,stability_ari,source_experiment,experiment_group
10,500,1,2,0.4477337167538462,initial_sample_size_sweep,sample_size_sweep
10,500,1,3,0.4561343943812989,initial_sample_size_sweep,sample_size_sweep
10,500,1,4,0.5583932149509726,initial_sample_size_sweep,sample_size_sweep
10,500,1,5,0.4895111500529857,initial_sample_size_sweep,sample_size_sweep
10,500,1,6,0.5410834597996871,initial_sample_size_sweep,sample_size_sweep
10,500,1,7,0.4283659535214384,initial_sample_size_sweep,sample_size_sweep
10,500,1,8,0.4900985762716183,initial_sample_size_sweep,sample_size_sweep
10,500,1,9,0.4794838744767986,initial_sample_size_sweep,sample_size_sweep
10,500,1,10,0.5000573072145578,initial_sample_size_sweep,sample_size_sweep
10,500,2,3,0.4070281135586337,initial_sample_size_sweep,sample_size_sweep
10,500,2,4,0.4829636556354075,initial_sample_size_sweep,sample_size_sweep
10,500,2,5,0.3925413030199481,initial_sample_size_sweep,sample_size_sweep
10,500,2,6,0.5097727074662626,initial_sample_size_sweep,sample_size_sweep
10,500,2,7,0.4599434160330841,initial_sample_size_sweep,sample_size_sweep
10,500,2,8,0.3672441677057428,initial_sample_size_sweep,sample_size_sweep
10,500,2,9,0.4199395325197199,initial_sample_size_sweep,sample_size_sweep
10,500,2,10,0.5102807269638093,initial_sample_size_sweep,sample_size_sweep
10,500,3,4,0.4912414108211029,initial_sample_size_sweep,sample_size_sweep
10,500,3,5,0.4978585654345213,initial_sample_size_sweep,sample_size_sweep
10,500,3,6,0.5228802798424673,initial_sample_size_sweep,sample_size_sweep
10,500,3,7,0.4983603745338297,initial_sample_size_sweep,sample_size_sweep
10,500,3,8,0.4949474830212758,initial_sample_size_sweep,sample_size_sweep
10,500,3,9,0.579788446533989,initial_sample_size_sweep,sample_size_sweep
10,500,3,10,0.5404554175214019,initial_sample_size_sweep,sample_size_sweep
10,500,4,5,0.5089212678906705,initial_sample_size_sweep,sample_size_sweep
10,500,4,6,0.5535598613744248,initial_sample_size_sweep,sample_size_sweep
10,500,4,7,0.4553066044235341,initial_sample_size_sweep,sample_size_sweep
10,500,4,8,0.4810562695652233,initial_sample_size_sweep,sample_size_sweep
10,500,4,9,0.4700091623443835,initial_sample_size_sweep,sample_size_sweep
10,500,4,10,0.5225664273905277,initial_sample_size_sweep,sample_size_sweep
10,500,5,6,0.4747109118654237,initial_sample_size_sweep,sample_size_sweep
10,500,5,7,0.4404392126977473,initial_sample_size_sweep,sample_size_sweep
10,500,5,8,0.6502512049281063,initial_sample_size_sweep,sample_size_sweep
10,500,5,9,0.4775965946608322,initial_sample_size_sweep,sample_size_sweep
10,500,5,10,0.4628821659205767,initial_sample_size_sweep,sample_size_sweep
10,500,6,7,0.507925822514304,initial_sample_size_sweep,sample_size_sweep
10,500,6,8,0.475594871382253,initial_sample_size_sweep,sample_size_sweep
10,500,6,9,0.5631511904573524,initial_sample_size_sweep,sample_size_sweep
10,500,6,10,0.5519487652294066,initial_sample_size_sweep,sample_size_sweep
10,500,7,8,0.4278070630266753,initial_sample_size_sweep,sample_size_sweep
10,500,7,9,0.4461452078339277,initial_sample_size_sweep,sample_size_sweep
10,500,7,10,0.4283951232977803,initial_sample_size_sweep,sample_size_sweep
10,500,8,9,0.4992982417205101,initial_sample_size_sweep,sample_size_sweep
10,500,8,10,0.4458496603058383,initial_sample_size_sweep,sample_size_sweep
10,500,9,10,0.5237859907642307,initial_sample_size_sweep,sample_size_sweep
10,1000,1,2,0.4565360009128577,initial_sample_size_sweep,sample_size_sweep
10,1000,1,3,0.512817560738995,initial_sample_size_sweep,sample_size_sweep
10,1000,1,4,0.6841211788733734,initial_sample_size_sweep,sample_size_sweep
10,1000,1,5,0.6474368896806,initial_sample_size_sweep,sample_size_sweep
10,1000,1,6,0.4579602979030082,initial_sample_size_sweep,sample_size_sweep
10,1000,1,7,0.6190552312650442,initial_sample_size_sweep,sample_size_sweep
10,1000,1,8,0.5879779157146026,initial_sample_size_sweep,sample_size_sweep
10,1000,1,9,0.4479742516554393,initial_sample_size_sweep,sample_size_sweep
10,1000,1,10,0.6469632989314038,initial_sample_size_sweep,sample_size_sweep
10,1000,2,3,0.6270188542095283,initial_sample_size_sweep,sample_size_sweep
10,1000,2,4,0.5031040741505718,initial_sample_size_sweep,sample_size_sweep
10,1000,2,5,0.4983053250250194,initial_sample_size_sweep,sample_size_sweep
10,1000,2,6,0.5442857778277153,initial_sample_size_sweep,sample_size_sweep
10,1000,2,7,0.49933975435679,initial_sample_size_sweep,sample_size_sweep
10,1000,2,8,0.5254504405919647,initial_sample_size_sweep,sample_size_sweep
10,1000,2,9,0.6168680133901839,initial_sample_size_sweep,sample_size_sweep
10,1000,2,10,0.5297561185733318,initial_sample_size_sweep,sample_size_sweep
10,1000,3,4,0.578626930673349,initial_sample_size_sweep,sample_size_sweep
10,1000,3,5,0.5333001725165875,initial_sample_size_sweep,sample_size_sweep
10,1000,3,6,0.5930767937590046,initial_sample_size_sweep,sample_size_sweep
10,1000,3,7,0.5005243757532476,initial_sample_size_sweep,sample_size_sweep
10,1000,3,8,0.5199967454723294,initial_sample_size_sweep,sample_size_sweep
10,1000,3,9,0.5529087789619695,initial_sample_size_sweep,sample_size_sweep
10,1000,3,10,0.5613138048926835,initial_sample_size_sweep,sample_size_sweep
10,1000,4,5,0.665579553781777,initial_sample_size_sweep,sample_size_sweep
10,1000,4,6,0.5341896634384238,initial_sample_size_sweep,sample_size_sweep
10,1000,4,7,0.5901876742256883,initial_sample_size_sweep,sample_size_sweep
10,1000,4,8,0.6463305458337224,initial_sample_size_sweep,sample_size_sweep
10,1000,4,9,0.5186746459413538,initial_sample_size_sweep,sample_size_sweep
10,1000,4,10,0.6383249979593458,initial_sample_size_sweep,sample_size_sweep
10,1000,5,6,0.5144288797013431,initial_sample_size_sweep,sample_size_sweep
10,1000,5,7,0.616145740809558,initial_sample_size_sweep,sample_size_sweep
10,1000,5,8,0.6514157048774912,initial_sample_size_sweep,sample_size_sweep
10,1000,5,9,0.429564273472303,initial_sample_size_sweep,sample_size_sweep
10,1000,5,10,0.6010412984396651,initial_sample_size_sweep,sample_size_sweep
10,1000,6,7,0.4719211800400223,initial_sample_size_sweep,sample_size_sweep
10,1000,6,8,0.5328299364852254,initial_sample_size_sweep,sample_size_sweep
10,1000,6,9,0.5721050379678922,initial_sample_size_sweep,sample_size_sweep
10,1000,6,10,0.5136503094039256,initial_sample_size_sweep,sample_size_sweep
10,1000,7,8,0.6376463642647278,initial_sample_size_sweep,sample_size_sweep
10,1000,7,9,0.4258893776040456,initial_sample_size_sweep,sample_size_sweep
10,1000,7,10,0.6344667935885088,initial_sample_size_sweep,sample_size_sweep
10,1000,8,9,0.4624100785886854,initial_sample_size_sweep,sample_size_sweep
10,1000,8,10,0.5608839025152509,initial_sample_size_sweep,sample_size_sweep
10,1000,9,10,0.4899794006103635,initial_sample_size_sweep,sample_size_sweep
10,2000,1,2,0.5436328839496252,initial_sample_size_sweep,sample_size_sweep
10,2000,1,3,0.6028799794541648,initial_sample_size_sweep,sample_size_sweep
10,2000,1,4,0.6429860323699336,initial_sample_size_sweep,sample_size_sweep
10,2000,1,5,0.616711312334074,initial_sample_size_sweep,sample_size_sweep
10,2000,1,6,0.6396010771369852,initial_sample_size_sweep,sample_size_sweep
10,2000,1,7,0.6777159910787671,initial_sample_size_sweep,sample_size_sweep
10,2000,1,8,0.5170078249186789,initial_sample_size_sweep,sample_size_sweep
10,2000,1,9,0.51831514480726,initial_sample_size_sweep,sample_size_sweep
10,2000,1,10,0.4902307421952738,initial_sample_size_sweep,sample_size_sweep
10,2000,2,3,0.549375792033065,initial_sample_size_sweep,sample_size_sweep
10,2000,2,4,0.5622402102951177,initial_sample_size_sweep,sample_size_sweep
10,2000,2,5,0.5067647208906344,initial_sample_size_sweep,sample_size_sweep
10,2000,2,6,0.5235015417783058,initial_sample_size_sweep,sample_size_sweep
10,2000,2,7,0.54831441500006,initial_sample_size_sweep,sample_size_sweep
10,2000,2,8,0.5416963625751617,initial_sample_size_sweep,sample_size_sweep
10,2000,2,9,0.5490316212550224,initial_sample_size_sweep,sample_size_sweep
10,2000,2,10,0.5501663343675397,initial_sample_size_sweep,sample_size_sweep
10,2000,3,4,0.5341364390158178,initial_sample_size_sweep,sample_size_sweep
10,2000,3,5,0.5734331952745064,initial_sample_size_sweep,sample_size_sweep
10,2000,3,6,0.6622102742836888,initial_sample_size_sweep,sample_size_sweep
10,2000,3,7,0.5306978006533405,initial_sample_size_sweep,sample_size_sweep
10,2000,3,8,0.5294410701244658,initial_sample_size_sweep,sample_size_sweep
10,2000,3,9,0.4470342944241234,initial_sample_size_sweep,sample_size_sweep
10,2000,3,10,0.4556276202019377,initial_sample_size_sweep,sample_size_sweep
10,2000,4,5,0.5273509737814069,initial_sample_size_sweep,sample_size_sweep
10,2000,4,6,0.6347559306163683,initial_sample_size_sweep,sample_size_sweep
10,2000,4,7,0.7488062196169112,initial_sample_size_sweep,sample_size_sweep
10,2000,4,8,0.5805454186228673,initial_sample_size_sweep,sample_size_sweep
10,2000,4,9,0.5152116745351233,initial_sample_size_sweep,sample_size_sweep
10,2000,4,10,0.5439140425383461,initial_sample_size_sweep,sample_size_sweep
10,2000,5,6,0.5418456551511834,initial_sample_size_sweep,sample_size_sweep
10,2000,5,7,0.53084431189424,initial_sample_size_sweep,sample_size_sweep
10,2000,5,8,0.504377162837939,initial_sample_size_sweep,sample_size_sweep
10,2000,5,9,0.4682320901391063,initial_sample_size_sweep,sample_size_sweep
10,2000,5,10,0.5748412119812627,initial_sample_size_sweep,sample_size_sweep
10,2000,6,7,0.6118258376685193,initial_sample_size_sweep,sample_size_sweep
10,2000,6,8,0.4794019453639022,initial_sample_size_sweep,sample_size_sweep
10,2000,6,9,0.4748713086381201,initial_sample_size_sweep,sample_size_sweep
10,2000,6,10,0.5160185354914032,initial_sample_size_sweep,sample_size_sweep
10,2000,7,8,0.5976029069987157,initial_sample_size_sweep,sample_size_sweep
10,2000,7,9,0.493766780659354,initial_sample_size_sweep,sample_size_sweep
10,2000,7,10,0.5342227939126322,initial_sample_size_sweep,sample_size_sweep
10,2000,8,9,0.5607087751451961,initial_sample_size_sweep,sample_size_sweep
10,2000,8,10,0.5046115697585507,initial_sample_size_sweep,sample_size_sweep
10,2000,9,10,0.5327340396318667,initial_sample_size_sweep,sample_size_sweep
10,5000,1,2,0.6742890690074429,initial_sample_size_sweep,sample_size_sweep
10,5000,1,3,0.5962255675053131,initial_sample_size_sweep,sample_size_sweep
10,5000,1,4,0.723323551757386,initial_sample_size_sweep,sample_size_sweep
10,5000,1,5,0.6261255570087226,initial_sample_size_sweep,sample_size_sweep
10,5000,1,6,0.6060438484979286,initial_sample_size_sweep,sample_size_sweep
10,5000,1,7,0.532474945286874,initial_sample_size_sweep,sample_size_sweep
10,5000,1,8,0.5931174648001964,initial_sample_size_sweep,sample_size_sweep
10,5000,1,9,0.6238519729349457,initial_sample_size_sweep,sample_size_sweep
10,5000,1,10,0.729559071675278,initial_sample_size_sweep,sample_size_sweep
10,5000,2,3,0.7490308815605926,initial_sample_size_sweep,sample_size_sweep
10,5000,2,4,0.7427464951429453,initial_sample_size_sweep,sample_size_sweep
10,5000,2,5,0.7962141064825756,initial_sample_size_sweep,sample_size_sweep
10,5000,2,6,0.6982180308285211,initial_sample_size_sweep,sample_size_sweep
10,5000,2,7,0.6414528903536515,initial_sample_size_sweep,sample_size_sweep
10,5000,2,8,0.6434585648028897,initial_sample_size_sweep,sample_size_sweep
10,5000,2,9,0.7479022284268952,initial_sample_size_sweep,sample_size_sweep
10,5000,2,10,0.6788885191297175,initial_sample_size_sweep,sample_size_sweep
10,5000,3,4,0.7414412460619787,initial_sample_size_sweep,sample_size_sweep
10,5000,3,5,0.7111075226976137,initial_sample_size_sweep,sample_size_sweep
10,5000,3,6,0.6600504957884221,initial_sample_size_sweep,sample_size_sweep
10,5000,3,7,0.619102006780921,initial_sample_size_sweep,sample_size_sweep
10,5000,3,8,0.6670358655769494,initial_sample_size_sweep,sample_size_sweep
10,5000,3,9,0.6801396877995971,initial_sample_size_sweep,sample_size_sweep
10,5000,3,10,0.6304110868788315,initial_sample_size_sweep,sample_size_sweep
10,5000,4,5,0.7114120062268097,initial_sample_size_sweep,sample_size_sweep
10,5000,4,6,0.6735926744133551,initial_sample_size_sweep,sample_size_sweep
10,5000,4,7,0.6236501879002184,initial_sample_size_sweep,sample_size_sweep
10,5000,4,8,0.7383196800459567,initial_sample_size_sweep,sample_size_sweep
10,5000,4,9,0.7026581776518738,initial_sample_size_sweep,sample_size_sweep
10,5000,4,10,0.7420310503074685,initial_sample_size_sweep,sample_size_sweep
10,5000,5,6,0.701228379780803,initial_sample_size_sweep,sample_size_sweep
10,5000,5,7,0.6338777498002142,initial_sample_size_sweep,sample_size_sweep
10,5000,5,8,0.6077288482399982,initial_sample_size_sweep,sample_size_sweep
10,5000,5,9,0.8272070434451483,initial_sample_size_sweep,sample_size_sweep
10,5000,5,10,0.638996109048295,initial_sample_size_sweep,sample_size_sweep
10,5000,6,7,0.5424671513661306,initial_sample_size_sweep,sample_size_sweep
10,5000,6,8,0.6779530734870385,initial_sample_size_sweep,sample_size_sweep
10,5000,6,9,0.7273002679813,initial_sample_size_sweep,sample_size_sweep
10,5000,6,10,0.635480417712683,initial_sample_size_sweep,sample_size_sweep
10,5000,7,8,0.5385114734743452,initial_sample_size_sweep,sample_size_sweep
10,5000,7,9,0.5963523616110822,initial_sample_size_sweep,sample_size_sweep
10,5000,7,10,0.6212818631444941,initial_sample_size_sweep,sample_size_sweep
10,5000,8,9,0.6178987831857399,initial_sample_size_sweep,sample_size_sweep
10,5000,8,10,0.6436904656638118,initial_sample_size_sweep,sample_size_sweep
10,5000,9,10,0.6468384574338749,initial_sample_size_sweep,sample_size_sweep
10,10000,1,2,0.7840590035441891,initial_sample_size_sweep,sample_size_sweep
10,10000,1,3,0.7083031267340995,initial_sample_size_sweep,sample_size_sweep
10,10000,1,4,0.5357874882744313,initial_sample_size_sweep,sample_size_sweep
10,10000,1,5,0.5522993410579525,initial_sample_size_sweep,sample_size_sweep
10,10000,1,6,0.7015219778275752,initial_sample_size_sweep,sample_size_sweep
10,10000,1,7,0.7131878500521135,initial_sample_size_sweep,sample_size_sweep
10,10000,1,8,0.6525204254955628,initial_sample_size_sweep,sample_size_sweep
10,10000,1,9,0.7903596592889032,initial_sample_size_sweep,sample_size_sweep
10,10000,1,10,0.7705234189657569,initial_sample_size_sweep,sample_size_sweep
10,10000,2,3,0.8123198097870425,initial_sample_size_sweep,sample_size_sweep
10,10000,2,4,0.5893625795874199,initial_sample_size_sweep,sample_size_sweep
10,10000,2,5,0.5986625822954972,initial_sample_size_sweep,sample_size_sweep
10,10000,2,6,0.7823317445390312,initial_sample_size_sweep,sample_size_sweep
10,10000,2,7,0.8206238030173507,initial_sample_size_sweep,sample_size_sweep
10,10000,2,8,0.7680051260148777,initial_sample_size_sweep,sample_size_sweep
10,10000,2,9,0.8972218183195451,initial_sample_size_sweep,sample_size_sweep
10,10000,2,10,0.7835347337276855,initial_sample_size_sweep,sample_size_sweep
10,10000,3,4,0.6290430577216004,initial_sample_size_sweep,sample_size_sweep
10,10000,3,5,0.6994491803604743,initial_sample_size_sweep,sample_size_sweep
10,10000,3,6,0.7642853632111124,initial_sample_size_sweep,sample_size_sweep
10,10000,3,7,0.6969540238451114,initial_sample_size_sweep,sample_size_sweep
10,10000,3,8,0.6511477051713361,initial_sample_size_sweep,sample_size_sweep
10,10000,3,9,0.7775137535075065,initial_sample_size_sweep,sample_size_sweep
10,10000,3,10,0.7074121540158835,initial_sample_size_sweep,sample_size_sweep
10,10000,4,5,0.794083884239907,initial_sample_size_sweep,sample_size_sweep
10,10000,4,6,0.5841155347784565,initial_sample_size_sweep,sample_size_sweep
10,10000,4,7,0.5828203130485587,initial_sample_size_sweep,sample_size_sweep
10,10000,4,8,0.6346468623914802,initial_sample_size_sweep,sample_size_sweep
10,10000,4,9,0.5825798037541583,initial_sample_size_sweep,sample_size_sweep
10,10000,4,10,0.626647453457498,initial_sample_size_sweep,sample_size_sweep
10,10000,5,6,0.6096587069381111,initial_sample_size_sweep,sample_size_sweep
10,10000,5,7,0.6006190492058174,initial_sample_size_sweep,sample_size_sweep
10,10000,5,8,0.651184834720602,initial_sample_size_sweep,sample_size_sweep
10,10000,5,9,0.5949765532401297,initial_sample_size_sweep,sample_size_sweep
10,10000,5,10,0.6472831126141201,initial_sample_size_sweep,sample_size_sweep
10,10000,6,7,0.7445669542622901,initial_sample_size_sweep,sample_size_sweep
10,10000,6,8,0.6283797244019514,initial_sample_size_sweep,sample_size_sweep
10,10000,6,9,0.7833938129789599,initial_sample_size_sweep,sample_size_sweep
10,10000,6,10,0.6880395728913414,initial_sample_size_sweep,sample_size_sweep
10,10000,7,8,0.7447704475018295,initial_sample_size_sweep,sample_size_sweep
10,10000,7,9,0.81564805767325,initial_sample_size_sweep,sample_size_sweep
10,10000,7,10,0.7698929272642191,initial_sample_size_sweep,sample_size_sweep
10,10000,8,9,0.7471192518814482,initial_sample_size_sweep,sample_size_sweep
10,10000,8,10,0.751427799518701,initial_sample_size_sweep,sample_size_sweep
10,10000,9,10,0.767790240721031,initial_sample_size_sweep,sample_size_sweep
10,20000,1,2,0.6693210386291834,initial_sample_size_sweep,sample_size_sweep
10,20000,1,3,0.9280299495715032,initial_sample_size_sweep,sample_size_sweep
10,20000,1,4,0.7337790723372702,initial_sample_size_sweep,sample_size_sweep
10,20000,1,5,0.7518220842175224,initial_sample_size_sweep,sample_size_sweep
10,20000,1,6,0.7498032274664796,initial_sample_size_sweep,sample_size_sweep
10,20000,1,7,0.6472247715680628,initial_sample_size_sweep,sample_size_sweep
10,20000,1,8,0.7063169309306714,initial_sample_size_sweep,sample_size_sweep
10,20000,1,9,0.7741556906661604,initial_sample_size_sweep,sample_size_sweep
10,20000,1,10,0.7452862271503259,initial_sample_size_sweep,sample_size_sweep
10,20000,2,3,0.6602487007352471,initial_sample_size_sweep,sample_size_sweep
10,20000,2,4,0.6877747086176572,initial_sample_size_sweep,sample_size_sweep
10,20000,2,5,0.7779024788240978,initial_sample_size_sweep,sample_size_sweep
10,20000,2,6,0.6367124704104415,initial_sample_size_sweep,sample_size_sweep
10,20000,2,7,0.7919443196180523,initial_sample_size_sweep,sample_size_sweep
10,20000,2,8,0.6014726616498355,initial_sample_size_sweep,sample_size_sweep
10,20000,2,9,0.6547888645900521,initial_sample_size_sweep,sample_size_sweep
10,20000,2,10,0.7683705041206659,initial_sample_size_sweep,sample_size_sweep
10,20000,3,4,0.7273742452617824,initial_sample_size_sweep,sample_size_sweep
10,20000,3,5,0.7622960211088646,initial_sample_size_sweep,sample_size_sweep
10,20000,3,6,0.7390403806267719,initial_sample_size_sweep,sample_size_sweep
10,20000,3,7,0.6454045037714351,initial_sample_size_sweep,sample_size_sweep
10,20000,3,8,0.7128057475215587,initial_sample_size_sweep,sample_size_sweep
10,20000,3,9,0.7747690486589262,initial_sample_size_sweep,sample_size_sweep
10,20000,3,10,0.736518802863439,initial_sample_size_sweep,sample_size_sweep
10,20000,4,5,0.6125079568491204,initial_sample_size_sweep,sample_size_sweep
10,20000,4,6,0.7330429369225543,initial_sample_size_sweep,sample_size_sweep
10,20000,4,7,0.7289690845797536,initial_sample_size_sweep,sample_size_sweep
10,20000,4,8,0.7968532309354077,initial_sample_size_sweep,sample_size_sweep
10,20000,4,9,0.6423991602480881,initial_sample_size_sweep,sample_size_sweep
10,20000,4,10,0.869926754425671,initial_sample_size_sweep,sample_size_sweep
10,20000,5,6,0.669880169732705,initial_sample_size_sweep,sample_size_sweep
10,20000,5,7,0.7563824849761206,initial_sample_size_sweep,sample_size_sweep
10,20000,5,8,0.6271820601613026,initial_sample_size_sweep,sample_size_sweep
10,20000,5,9,0.7968675698500373,initial_sample_size_sweep,sample_size_sweep
10,20000,5,10,0.6278146284227214,initial_sample_size_sweep,sample_size_sweep
10,20000,6,7,0.6670367320562447,initial_sample_size_sweep,sample_size_sweep
10,20000,6,8,0.7563627000352746,initial_sample_size_sweep,sample_size_sweep
10,20000,6,9,0.6941999200857994,initial_sample_size_sweep,sample_size_sweep
10,20000,6,10,0.7606766190486536,initial_sample_size_sweep,sample_size_sweep
10,20000,7,8,0.6972187807631999,initial_sample_size_sweep,sample_size_sweep
10,20000,7,9,0.6463603129304779,initial_sample_size_sweep,sample_size_sweep
10,20000,7,10,0.7438623072904185,initial_sample_size_sweep,sample_size_sweep
10,20000,8,9,0.6432636008066797,initial_sample_size_sweep,sample_size_sweep
10,20000,8,10,0.7791028139990638,initial_sample_size_sweep,sample_size_sweep
10,20000,9,10,0.6540775927938333,initial_sample_size_sweep,sample_size_sweep
17,500,1,2,0.4228973287551244,initial_sample_size_sweep,sample_size_sweep
17,500,1,3,0.4451446670976809,initial_sample_size_sweep,sample_size_sweep
17,500,1,4,0.4719308363100462,initial_sample_size_sweep,sample_size_sweep
17,500,1,5,0.4300928107467335,initial_sample_size_sweep,sample_size_sweep
17,500,1,6,0.4361076307179147,initial_sample_size_sweep,sample_size_sweep
17,500,1,7,0.4578870792139528,initial_sample_size_sweep,sample_size_sweep
17,500,1,8,0.5331680088203794,initial_sample_size_sweep,sample_size_sweep
17,500,1,9,0.4640049514521464,initial_sample_size_sweep,sample_size_sweep
17,500,1,10,0.4432706650355553,initial_sample_size_sweep,sample_size_sweep
17,500,2,3,0.3936767475143615,initial_sample_size_sweep,sample_size_sweep
17,500,2,4,0.4147552275524528,initial_sample_size_sweep,sample_size_sweep
17,500,2,5,0.3888510199908219,initial_sample_size_sweep,sample_size_sweep
17,500,2,6,0.395484554608864,initial_sample_size_sweep,sample_size_sweep
17,500,2,7,0.409713808030102,initial_sample_size_sweep,sample_size_sweep
17,500,2,8,0.4126718558335432,initial_sample_size_sweep,sample_size_sweep
17,500,2,9,0.4603144186696842,initial_sample_size_sweep,sample_size_sweep
17,500,2,10,0.4441829658091229,initial_sample_size_sweep,sample_size_sweep
17,500,3,4,0.423758730518062,initial_sample_size_sweep,sample_size_sweep
17,500,3,5,0.4655316920938063,initial_sample_size_sweep,sample_size_sweep
17,500,3,6,0.4411940001912159,initial_sample_size_sweep,sample_size_sweep
17,500,3,7,0.4955683008821686,initial_sample_size_sweep,sample_size_sweep
17,500,3,8,0.4038048802788522,initial_sample_size_sweep,sample_size_sweep
17,500,3,9,0.433695783286375,initial_sample_size_sweep,sample_size_sweep
17,500,3,10,0.4920667740127387,initial_sample_size_sweep,sample_size_sweep
17,500,4,5,0.3978611439455279,initial_sample_size_sweep,sample_size_sweep
17,500,4,6,0.4346329346903998,initial_sample_size_sweep,sample_size_sweep
17,500,4,7,0.4651254447562502,initial_sample_size_sweep,sample_size_sweep
17,500,4,8,0.3954569328101626,initial_sample_size_sweep,sample_size_sweep
17,500,4,9,0.4382515574406934,initial_sample_size_sweep,sample_size_sweep
17,500,4,10,0.4742706894934311,initial_sample_size_sweep,sample_size_sweep
17,500,5,6,0.3684654791677553,initial_sample_size_sweep,sample_size_sweep
17,500,5,7,0.41205348974068,initial_sample_size_sweep,sample_size_sweep
17,500,5,8,0.4428645049981489,initial_sample_size_sweep,sample_size_sweep
17,500,5,9,0.3741107966760646,initial_sample_size_sweep,sample_size_sweep
17,500,5,10,0.4263994095133461,initial_sample_size_sweep,sample_size_sweep
17,500,6,7,0.4667810674317815,initial_sample_size_sweep,sample_size_sweep
17,500,6,8,0.4199618271087293,initial_sample_size_sweep,sample_size_sweep
17,500,6,9,0.404245050903267,initial_sample_size_sweep,sample_size_sweep
17,500,6,10,0.4059167000474422,initial_sample_size_sweep,sample_size_sweep
17,500,7,8,0.4314081124621813,initial_sample_size_sweep,sample_size_sweep
17,500,7,9,0.4253917295334581,initial_sample_size_sweep,sample_size_sweep
17,500,7,10,0.4632268186503702,initial_sample_size_sweep,sample_size_sweep
17,500,8,9,0.4461214176034687,initial_sample_size_sweep,sample_size_sweep
17,500,8,10,0.4361130261512397,initial_sample_size_sweep,sample_size_sweep
17,500,9,10,0.4753989892415172,initial_sample_size_sweep,sample_size_sweep
17,1000,1,2,0.4737596079024564,initial_sample_size_sweep,sample_size_sweep
17,1000,1,3,0.4131439201519749,initial_sample_size_sweep,sample_size_sweep
17,1000,1,4,0.5037346993154931,initial_sample_size_sweep,sample_size_sweep
17,1000,1,5,0.4029934342393239,initial_sample_size_sweep,sample_size_sweep
17,1000,1,6,0.4741963846697268,initial_sample_size_sweep,sample_size_sweep
17,1000,1,7,0.4700063673262732,initial_sample_size_sweep,sample_size_sweep
17,1000,1,8,0.4640373143932581,initial_sample_size_sweep,sample_size_sweep
17,1000,1,9,0.4449344467027871,initial_sample_size_sweep,sample_size_sweep
17,1000,1,10,0.4781173879769591,initial_sample_size_sweep,sample_size_sweep
17,1000,2,3,0.4104697224825804,initial_sample_size_sweep,sample_size_sweep
17,1000,2,4,0.3943235008883702,initial_sample_size_sweep,sample_size_sweep
17,1000,2,5,0.462631762710421,initial_sample_size_sweep,sample_size_sweep
17,1000,2,6,0.4818393605954205,initial_sample_size_sweep,sample_size_sweep
17,1000,2,7,0.4087323217765481,initial_sample_size_sweep,sample_size_sweep
17,1000,2,8,0.424953840115379,initial_sample_size_sweep,sample_size_sweep
17,1000,2,9,0.3885149867209134,initial_sample_size_sweep,sample_size_sweep
17,1000,2,10,0.4550430026637715,initial_sample_size_sweep,sample_size_sweep
17,1000,3,4,0.4253520655009746,initial_sample_size_sweep,sample_size_sweep
17,1000,3,5,0.4306899727108384,initial_sample_size_sweep,sample_size_sweep
17,1000,3,6,0.4537851726547281,initial_sample_size_sweep,sample_size_sweep
17,1000,3,7,0.4413447136228897,initial_sample_size_sweep,sample_size_sweep
17,1000,3,8,0.4636541846493306,initial_sample_size_sweep,sample_size_sweep
17,1000,3,9,0.3844215550845221,initial_sample_size_sweep,sample_size_sweep
17,1000,3,10,0.4682957267522052,initial_sample_size_sweep,sample_size_sweep
17,1000,4,5,0.4464778055717069,initial_sample_size_sweep,sample_size_sweep
17,1000,4,6,0.4449870815073401,initial_sample_size_sweep,sample_size_sweep
17,1000,4,7,0.4552378602088525,initial_sample_size_sweep,sample_size_sweep
17,1000,4,8,0.4375114359235528,initial_sample_size_sweep,sample_size_sweep
17,1000,4,9,0.4614416709142316,initial_sample_size_sweep,sample_size_sweep
17,1000,4,10,0.4734330101445105,initial_sample_size_sweep,sample_size_sweep
17,1000,5,6,0.4257367626483058,initial_sample_size_sweep,sample_size_sweep
17,1000,5,7,0.4858232631065781,initial_sample_size_sweep,sample_size_sweep
17,1000,5,8,0.4109166540781613,initial_sample_size_sweep,sample_size_sweep
17,1000,5,9,0.454875580028926,initial_sample_size_sweep,sample_size_sweep
17,1000,5,10,0.4239599778699403,initial_sample_size_sweep,sample_size_sweep
17,1000,6,7,0.4754712365775889,initial_sample_size_sweep,sample_size_sweep
17,1000,6,8,0.3724145707405339,initial_sample_size_sweep,sample_size_sweep
17,1000,6,9,0.4137943052745222,initial_sample_size_sweep,sample_size_sweep
17,1000,6,10,0.5706173861682812,initial_sample_size_sweep,sample_size_sweep
17,1000,7,8,0.3911148807566117,initial_sample_size_sweep,sample_size_sweep
17,1000,7,9,0.5354406283079762,initial_sample_size_sweep,sample_size_sweep
17,1000,7,10,0.4684079173065567,initial_sample_size_sweep,sample_size_sweep
17,1000,8,9,0.345840248921098,initial_sample_size_sweep,sample_size_sweep
17,1000,8,10,0.3582653265598769,initial_sample_size_sweep,sample_size_sweep
17,1000,9,10,0.4267279647168415,initial_sample_size_sweep,sample_size_sweep
17,2000,1,2,0.5351031952213531,initial_sample_size_sweep,sample_size_sweep
17,2000,1,3,0.5574333019130184,initial_sample_size_sweep,sample_size_sweep
17,2000,1,4,0.5444037618021967,initial_sample_size_sweep,sample_size_sweep
17,2000,1,5,0.6323056983542832,initial_sample_size_sweep,sample_size_sweep
17,2000,1,6,0.4902777015738189,initial_sample_size_sweep,sample_size_sweep
17,2000,1,7,0.5313170415362793,initial_sample_size_sweep,sample_size_sweep
17,2000,1,8,0.5460324731156329,initial_sample_size_sweep,sample_size_sweep
17,2000,1,9,0.562588322799913,initial_sample_size_sweep,sample_size_sweep
17,2000,1,10,0.4513160160477031,initial_sample_size_sweep,sample_size_sweep
17,2000,2,3,0.5207015536548827,initial_sample_size_sweep,sample_size_sweep
17,2000,2,4,0.4483710336948159,initial_sample_size_sweep,sample_size_sweep
17,2000,2,5,0.4978492535641479,initial_sample_size_sweep,sample_size_sweep
17,2000,2,6,0.5476112658360048,initial_sample_size_sweep,sample_size_sweep
17,2000,2,7,0.5489992481596093,initial_sample_size_sweep,sample_size_sweep
17,2000,2,8,0.473694719468299,initial_sample_size_sweep,sample_size_sweep
17,2000,2,9,0.5636080992678039,initial_sample_size_sweep,sample_size_sweep
17,2000,2,10,0.4310479496055852,initial_sample_size_sweep,sample_size_sweep
17,2000,3,4,0.5661531858048141,initial_sample_size_sweep,sample_size_sweep
17,2000,3,5,0.5037175658049472,initial_sample_size_sweep,sample_size_sweep
17,2000,3,6,0.5190875336470773,initial_sample_size_sweep,sample_size_sweep
17,2000,3,7,0.5163888382757619,initial_sample_size_sweep,sample_size_sweep
17,2000,3,8,0.5074408034756669,initial_sample_size_sweep,sample_size_sweep
17,2000,3,9,0.4774724415941007,initial_sample_size_sweep,sample_size_sweep
17,2000,3,10,0.4560786068569106,initial_sample_size_sweep,sample_size_sweep
17,2000,4,5,0.5407120137967115,initial_sample_size_sweep,sample_size_sweep
17,2000,4,6,0.4834227579886874,initial_sample_size_sweep,sample_size_sweep
17,2000,4,7,0.5064379012402874,initial_sample_size_sweep,sample_size_sweep
17,2000,4,8,0.4867580331828496,initial_sample_size_sweep,sample_size_sweep
17,2000,4,9,0.4617276665762325,initial_sample_size_sweep,sample_size_sweep
17,2000,4,10,0.451488305708132,initial_sample_size_sweep,sample_size_sweep
17,2000,5,6,0.4654471906273804,initial_sample_size_sweep,sample_size_sweep
17,2000,5,7,0.4800070460691607,initial_sample_size_sweep,sample_size_sweep
17,2000,5,8,0.5293387230807833,initial_sample_size_sweep,sample_size_sweep
17,2000,5,9,0.5145869218983092,initial_sample_size_sweep,sample_size_sweep
17,2000,5,10,0.4418041310653883,initial_sample_size_sweep,sample_size_sweep
17,2000,6,7,0.4774482816272324,initial_sample_size_sweep,sample_size_sweep
17,2000,6,8,0.4445798253996705,initial_sample_size_sweep,sample_size_sweep
17,2000,6,9,0.5648581662996984,initial_sample_size_sweep,sample_size_sweep
17,2000,6,10,0.3972126578042569,initial_sample_size_sweep,sample_size_sweep
17,2000,7,8,0.4420399125570197,initial_sample_size_sweep,sample_size_sweep
17,2000,7,9,0.4651406318688988,initial_sample_size_sweep,sample_size_sweep
17,2000,7,10,0.4231954318215943,initial_sample_size_sweep,sample_size_sweep
17,2000,8,9,0.4642895468500129,initial_sample_size_sweep,sample_size_sweep
17,2000,8,10,0.5589091024791305,initial_sample_size_sweep,sample_size_sweep
17,2000,9,10,0.4878878239061253,initial_sample_size_sweep,sample_size_sweep
17,5000,1,2,0.5301376122702895,initial_sample_size_sweep,sample_size_sweep
17,5000,1,3,0.5302644434958862,initial_sample_size_sweep,sample_size_sweep
17,5000,1,4,0.6333653758945386,initial_sample_size_sweep,sample_size_sweep
17,5000,1,5,0.6650734733438213,initial_sample_size_sweep,sample_size_sweep
17,5000,1,6,0.4892826690862137,initial_sample_size_sweep,sample_size_sweep
17,5000,1,7,0.6335053103261212,initial_sample_size_sweep,sample_size_sweep
17,5000,1,8,0.6085670609758864,initial_sample_size_sweep,sample_size_sweep
17,5000,1,9,0.7152669462282479,initial_sample_size_sweep,sample_size_sweep
17,5000,1,10,0.5474380269894352,initial_sample_size_sweep,sample_size_sweep
17,5000,2,3,0.5590872039485327,initial_sample_size_sweep,sample_size_sweep
17,5000,2,4,0.5001124929130292,initial_sample_size_sweep,sample_size_sweep
17,5000,2,5,0.5445115752668581,initial_sample_size_sweep,sample_size_sweep
17,5000,2,6,0.665614763312478,initial_sample_size_sweep,sample_size_sweep
17,5000,2,7,0.4896097792267901,initial_sample_size_sweep,sample_size_sweep
17,5000,2,8,0.5569759549188843,initial_sample_size_sweep,sample_size_sweep
17,5000,2,9,0.5087949279175885,initial_sample_size_sweep,sample_size_sweep
17,5000,2,10,0.4602147133514995,initial_sample_size_sweep,sample_size_sweep
17,5000,3,4,0.4430102031672439,initial_sample_size_sweep,sample_size_sweep
17,5000,3,5,0.4693561623781216,initial_sample_size_sweep,sample_size_sweep
17,5000,3,6,0.5116627748658958,initial_sample_size_sweep,sample_size_sweep
17,5000,3,7,0.5628243238062015,initial_sample_size_sweep,sample_size_sweep
17,5000,3,8,0.4641680571480272,initial_sample_size_sweep,sample_size_sweep
17,5000,3,9,0.5755017392551017,initial_sample_size_sweep,sample_size_sweep
17,5000,3,10,0.4856717788918889,initial_sample_size_sweep,sample_size_sweep
17,5000,4,5,0.5367476472223118,initial_sample_size_sweep,sample_size_sweep
17,5000,4,6,0.461658907004351,initial_sample_size_sweep,sample_size_sweep
17,5000,4,7,0.5710852494638505,initial_sample_size_sweep,sample_size_sweep
17,5000,4,8,0.5732566871210543,initial_sample_size_sweep,sample_size_sweep
17,5000,4,9,0.5747273276610937,initial_sample_size_sweep,sample_size_sweep
17,5000,4,10,0.5097037464006959,initial_sample_size_sweep,sample_size_sweep
17,5000,5,6,0.5377714016655428,initial_sample_size_sweep,sample_size_sweep
17,5000,5,7,0.5033355604293762,initial_sample_size_sweep,sample_size_sweep
17,5000,5,8,0.6337846738465092,initial_sample_size_sweep,sample_size_sweep
17,5000,5,9,0.6032472111164779,initial_sample_size_sweep,sample_size_sweep
17,5000,5,10,0.5364131333748142,initial_sample_size_sweep,sample_size_sweep
17,5000,6,7,0.4524725706317077,initial_sample_size_sweep,sample_size_sweep
17,5000,6,8,0.5215210081416479,initial_sample_size_sweep,sample_size_sweep
17,5000,6,9,0.4779421868557611,initial_sample_size_sweep,sample_size_sweep
17,5000,6,10,0.5022944295657971,initial_sample_size_sweep,sample_size_sweep
17,5000,7,8,0.5914445415688735,initial_sample_size_sweep,sample_size_sweep
17,5000,7,9,0.6687425156783023,initial_sample_size_sweep,sample_size_sweep
17,5000,7,10,0.5733124452881488,initial_sample_size_sweep,sample_size_sweep
17,5000,8,9,0.5827764808702247,initial_sample_size_sweep,sample_size_sweep
17,5000,8,10,0.4930563736718628,initial_sample_size_sweep,sample_size_sweep
17,5000,9,10,0.5502203089187729,initial_sample_size_sweep,sample_size_sweep
17,5100,1,2,0.5663263038407255,policy300_k17,policy_300k_validation
17,5100,1,3,0.5077018695049063,policy300_k17,policy_300k_validation
17,5100,1,4,0.5634613211576353,policy300_k17,policy_300k_validation
17,5100,1,5,0.5837757792466984,policy300_k17,policy_300k_validation
17,5100,1,6,0.5561188207479786,policy300_k17,policy_300k_validation
17,5100,1,7,0.5536966029283473,policy300_k17,policy_300k_validation
17,5100,1,8,0.525838130787697,policy300_k17,policy_300k_validation
17,5100,1,9,0.5131846614864854,policy300_k17,policy_300k_validation
17,5100,1,10,0.6375160912981034,policy300_k17,policy_300k_validation
17,5100,2,3,0.5346025869264537,policy300_k17,policy_300k_validation
17,5100,2,4,0.6887297959525681,policy300_k17,policy_300k_validation
17,5100,2,5,0.551514639040724,policy300_k17,policy_300k_validation
17,5100,2,6,0.6340015821707533,policy300_k17,policy_300k_validation
17,5100,2,7,0.5089776894332904,policy300_k17,policy_300k_validation
17,5100,2,8,0.5269531875419259,policy300_k17,policy_300k_validation
17,5100,2,9,0.6009022087058474,policy300_k17,policy_300k_validation
17,5100,2,10,0.6781075466087546,policy300_k17,policy_300k_validation
17,5100,3,4,0.5659012355101829,policy300_k17,policy_300k_validation
17,5100,3,5,0.5049765703145453,policy300_k17,policy_300k_validation
17,5100,3,6,0.5246660777301675,policy300_k17,policy_300k_validation
17,5100,3,7,0.4893680009512728,policy300_k17,policy_300k_validation
17,5100,3,8,0.5624267589177788,policy300_k17,policy_300k_validation
17,5100,3,9,0.5956733226665318,policy300_k17,policy_300k_validation
17,5100,3,10,0.5183701584890341,policy300_k17,policy_300k_validation
17,5100,4,5,0.5361740006443186,policy300_k17,policy_300k_validation
17,5100,4,6,0.6847215021787026,policy300_k17,policy_300k_validation
17,5100,4,7,0.5732274545516678,policy300_k17,policy_300k_validation
17,5100,4,8,0.4989193751916727,policy300_k17,policy_300k_validation
17,5100,4,9,0.5865355277565505,policy300_k17,policy_300k_validation
17,5100,4,10,0.6703174971646368,policy300_k17,policy_300k_validation
17,5100,5,6,0.5797269126599404,policy300_k17,policy_300k_validation
17,5100,5,7,0.5217528989442942,policy300_k17,policy_300k_validation
17,5100,5,8,0.5389332692026113,policy300_k17,policy_300k_validation
17,5100,5,9,0.5633243016412255,policy300_k17,policy_300k_validation
17,5100,5,10,0.6108999111667298,policy300_k17,policy_300k_validation
17,5100,6,7,0.5857635631530432,policy300_k17,policy_300k_validation
17,5100,6,8,0.6102949459204764,policy300_k17,policy_300k_validation
17,5100,6,9,0.549068208849929,policy300_k17,policy_300k_validation
17,5100,6,10,0.6216980243016987,policy300_k17,policy_300k_validation
17,5100,7,8,0.5169562802228521,policy300_k17,policy_300k_validation
17,5100,7,9,0.5018880881075446,policy300_k17,policy_300k_validation
17,5100,7,10,0.5210091553371532,policy300_k17,policy_300k_validation
17,5100,8,9,0.4858771115218658,policy300_k17,policy_300k_validation
17,5100,8,10,0.5560545348518299,policy300_k17,policy_300k_validation
17,5100,9,10,0.5889398268291817,policy300_k17,policy_300k_validation
17,8500,1,2,0.4815468718427456,k17_tee_baseline,tee_baseline
17,8500,1,3,0.5780480801660602,k17_tee_baseline,tee_baseline
17,8500,1,4,0.6209681199965451,k17_tee_baseline,tee_baseline
17,8500,1,5,0.5988657431988375,k17_tee_baseline,tee_baseline
17,8500,1,6,0.677166963570246,k17_tee_baseline,tee_baseline
17,8500,1,7,0.571319318972385,k17_tee_baseline,tee_baseline
17,8500,1,8,0.5687046273819469,k17_tee_baseline,tee_baseline
17,8500,1,9,0.6145802126560983,k17_tee_baseline,tee_baseline
17,8500,1,10,0.6145190773339324,k17_tee_baseline,tee_baseline
17,8500,2,3,0.563885949719992,k17_tee_baseline,tee_baseline
17,8500,2,4,0.5153708881095802,k17_tee_baseline,tee_baseline
17,8500,2,5,0.5364918715557357,k17_tee_baseline,tee_baseline
17,8500,2,6,0.5329986242318199,k17_tee_baseline,tee_baseline
17,8500,2,7,0.5657374034168925,k17_tee_baseline,tee_baseline
17,8500,2,8,0.4898281327163368,k17_tee_baseline,tee_baseline
17,8500,2,9,0.5240636742851726,k17_tee_baseline,tee_baseline
17,8500,2,10,0.4999868740713034,k17_tee_baseline,tee_baseline
17,8500,3,4,0.5581982550099893,k17_tee_baseline,tee_baseline
17,8500,3,5,0.6734850643714361,k17_tee_baseline,tee_baseline
17,8500,3,6,0.6107436217152336,k17_tee_baseline,tee_baseline
17,8500,3,7,0.6074568953313235,k17_tee_baseline,tee_baseline
17,8500,3,8,0.5732246243751054,k17_tee_baseline,tee_baseline
17,8500,3,9,0.6682722141461396,k17_tee_baseline,tee_baseline
17,8500,3,10,0.5009453788944983,k17_tee_baseline,tee_baseline
17,8500,4,5,0.6329901739742207,k17_tee_baseline,tee_baseline
17,8500,4,6,0.6002652929860011,k17_tee_baseline,tee_baseline
17,8500,4,7,0.6122853786732355,k17_tee_baseline,tee_baseline
17,8500,4,8,0.550605356804939,k17_tee_baseline,tee_baseline
17,8500,4,9,0.6611688751500246,k17_tee_baseline,tee_baseline
17,8500,4,10,0.5436931097587319,k17_tee_baseline,tee_baseline
17,8500,5,6,0.5815498504019019,k17_tee_baseline,tee_baseline
17,8500,5,7,0.5031677988662693,k17_tee_baseline,tee_baseline
17,8500,5,8,0.5220443871450433,k17_tee_baseline,tee_baseline
17,8500,5,9,0.7432513720347197,k17_tee_baseline,tee_baseline
17,8500,5,10,0.5383867013411474,k17_tee_baseline,tee_baseline
17,8500,6,7,0.5799035090469448,k17_tee_baseline,tee_baseline
17,8500,6,8,0.5606822611300124,k17_tee_baseline,tee_baseline
17,8500,6,9,0.5947160804989866,k17_tee_baseline,tee_baseline
17,8500,6,10,0.6672116273452211,k17_tee_baseline,tee_baseline
17,8500,7,8,0.6948369290288171,k17_tee_baseline,tee_baseline
17,8500,7,9,0.5841691200129031,k17_tee_baseline,tee_baseline
17,8500,7,10,0.545051533236554,k17_tee_baseline,tee_baseline
17,8500,8,9,0.552678429330109,k17_tee_baseline,tee_baseline
17,8500,8,10,0.5572950195085581,k17_tee_baseline,tee_baseline
17,8500,9,10,0.5670614191994339,k17_tee_baseline,tee_baseline
17,10000,1,2,0.4917369463984727,initial_sample_size_sweep,sample_size_sweep
17,10000,1,3,0.681304287078168,initial_sample_size_sweep,sample_size_sweep
17,10000,1,4,0.5181086143619649,initial_sample_size_sweep,sample_size_sweep
17,10000,1,5,0.5829573776745952,initial_sample_size_sweep,sample_size_sweep
17,10000,1,6,0.6858308327008571,initial_sample_size_sweep,sample_size_sweep
17,10000,1,7,0.5157150981768355,initial_sample_size_sweep,sample_size_sweep
17,10000,1,8,0.6830426071946497,initial_sample_size_sweep,sample_size_sweep
17,10000,1,9,0.571075084107492,initial_sample_size_sweep,sample_size_sweep
17,10000,1,10,0.5348871939708734,initial_sample_size_sweep,sample_size_sweep
17,10000,2,3,0.6089198133191737,initial_sample_size_sweep,sample_size_sweep
17,10000,2,4,0.5502898241398759,initial_sample_size_sweep,sample_size_sweep
17,10000,2,5,0.5721040091514759,initial_sample_size_sweep,sample_size_sweep
17,10000,2,6,0.6100994498578183,initial_sample_size_sweep,sample_size_sweep
17,10000,2,7,0.4229835911122778,initial_sample_size_sweep,sample_size_sweep
17,10000,2,8,0.5620522241131031,initial_sample_size_sweep,sample_size_sweep
17,10000,2,9,0.4897799807072723,initial_sample_size_sweep,sample_size_sweep
17,10000,2,10,0.618858994478146,initial_sample_size_sweep,sample_size_sweep
17,10000,3,4,0.5663321944669174,initial_sample_size_sweep,sample_size_sweep
17,10000,3,5,0.6360360172218259,initial_sample_size_sweep,sample_size_sweep
17,10000,3,6,0.7638344702616503,initial_sample_size_sweep,sample_size_sweep
17,10000,3,7,0.5738161209254937,initial_sample_size_sweep,sample_size_sweep
17,10000,3,8,0.6900640014112719,initial_sample_size_sweep,sample_size_sweep
17,10000,3,9,0.6274291586118131,initial_sample_size_sweep,sample_size_sweep
17,10000,3,10,0.5323055736559998,initial_sample_size_sweep,sample_size_sweep
17,10000,4,5,0.6033388523228015,initial_sample_size_sweep,sample_size_sweep
17,10000,4,6,0.5695621288388697,initial_sample_size_sweep,sample_size_sweep
17,10000,4,7,0.4963053112004529,initial_sample_size_sweep,sample_size_sweep
17,10000,4,8,0.550847224977083,initial_sample_size_sweep,sample_size_sweep
17,10000,4,9,0.4721291353052672,initial_sample_size_sweep,sample_size_sweep
17,10000,4,10,0.6469263393701026,initial_sample_size_sweep,sample_size_sweep
17,10000,5,6,0.5917723436266167,initial_sample_size_sweep,sample_size_sweep
17,10000,5,7,0.5462970995572661,initial_sample_size_sweep,sample_size_sweep
17,10000,5,8,0.6782511251916374,initial_sample_size_sweep,sample_size_sweep
17,10000,5,9,0.578569881068363,initial_sample_size_sweep,sample_size_sweep
17,10000,5,10,0.5439966907435626,initial_sample_size_sweep,sample_size_sweep
17,10000,6,7,0.5234500568657509,initial_sample_size_sweep,sample_size_sweep
17,10000,6,8,0.6954818738790419,initial_sample_size_sweep,sample_size_sweep
17,10000,6,9,0.5971171963565874,initial_sample_size_sweep,sample_size_sweep
17,10000,6,10,0.5530142568573185,initial_sample_size_sweep,sample_size_sweep
17,10000,7,8,0.5376482912459171,initial_sample_size_sweep,sample_size_sweep
17,10000,7,9,0.6198054733937945,initial_sample_size_sweep,sample_size_sweep
17,10000,7,10,0.4200569557750925,initial_sample_size_sweep,sample_size_sweep
17,10000,8,9,0.6158110465117861,initial_sample_size_sweep,sample_size_sweep
17,10000,8,10,0.5980875723660583,initial_sample_size_sweep,sample_size_sweep
17,10000,9,10,0.4178175358845953,initial_sample_size_sweep,sample_size_sweep
17,20000,1,2,0.6109326419982146,initial_sample_size_sweep,sample_size_sweep
17,20000,1,3,0.6510932091676944,initial_sample_size_sweep,sample_size_sweep
17,20000,1,4,0.7684980735091326,initial_sample_size_sweep,sample_size_sweep
17,20000,1,5,0.6236559563889158,initial_sample_size_sweep,sample_size_sweep
17,20000,1,6,0.6061402414779211,initial_sample_size_sweep,sample_size_sweep
17,20000,1,7,0.7658673098244927,initial_sample_size_sweep,sample_size_sweep
17,20000,1,8,0.7239562974314603,initial_sample_size_sweep,sample_size_sweep
17,20000,1,9,0.6597211894552811,initial_sample_size_sweep,sample_size_sweep
17,20000,1,10,0.7628933447605606,initial_sample_size_sweep,sample_size_sweep
17,20000,2,3,0.6744558562756511,initial_sample_size_sweep,sample_size_sweep
17,20000,2,4,0.7063095741039219,initial_sample_size_sweep,sample_size_sweep
17,20000,2,5,0.6790106136478138,initial_sample_size_sweep,sample_size_sweep
17,20000,2,6,0.7175681269619386,initial_sample_size_sweep,sample_size_sweep
17,20000,2,7,0.6482474979757283,initial_sample_size_sweep,sample_size_sweep
17,20000,2,8,0.6892885041667874,initial_sample_size_sweep,sample_size_sweep
17,20000,2,9,0.6357896467660409,initial_sample_size_sweep,sample_size_sweep
17,20000,2,10,0.6289621295068194,initial_sample_size_sweep,sample_size_sweep
17,20000,3,4,0.6578481816597829,initial_sample_size_sweep,sample_size_sweep
17,20000,3,5,0.5762737677014915,initial_sample_size_sweep,sample_size_sweep
17,20000,3,6,0.6156137086890544,initial_sample_size_sweep,sample_size_sweep
17,20000,3,7,0.634796939050978,initial_sample_size_sweep,sample_size_sweep
17,20000,3,8,0.7053149457437449,initial_sample_size_sweep,sample_size_sweep
17,20000,3,9,0.7029298191561106,initial_sample_size_sweep,sample_size_sweep
17,20000,3,10,0.6962383476016246,initial_sample_size_sweep,sample_size_sweep
17,20000,4,5,0.5969768548196651,initial_sample_size_sweep,sample_size_sweep
17,20000,4,6,0.6177058877501952,initial_sample_size_sweep,sample_size_sweep
17,20000,4,7,0.6729002659104028,initial_sample_size_sweep,sample_size_sweep
17,20000,4,8,0.7273197839668564,initial_sample_size_sweep,sample_size_sweep
17,20000,4,9,0.7184587238273179,initial_sample_size_sweep,sample_size_sweep
17,20000,4,10,0.756360158096888,initial_sample_size_sweep,sample_size_sweep
17,20000,5,6,0.660758380261426,initial_sample_size_sweep,sample_size_sweep
17,20000,5,7,0.6723284842713738,initial_sample_size_sweep,sample_size_sweep
17,20000,5,8,0.6272055484724418,initial_sample_size_sweep,sample_size_sweep
17,20000,5,9,0.6857393512653543,initial_sample_size_sweep,sample_size_sweep
17,20000,5,10,0.616483710213609,initial_sample_size_sweep,sample_size_sweep
17,20000,6,7,0.5929717862635866,initial_sample_size_sweep,sample_size_sweep
17,20000,6,8,0.7441703917770601,initial_sample_size_sweep,sample_size_sweep
17,20000,6,9,0.6337423105427038,initial_sample_size_sweep,sample_size_sweep
17,20000,6,10,0.6161222612035038,initial_sample_size_sweep,sample_size_sweep
17,20000,7,8,0.6574961947719044,initial_sample_size_sweep,sample_size_sweep
17,20000,7,9,0.5771619101932889,initial_sample_size_sweep,sample_size_sweep
17,20000,7,10,0.7099944659469427,initial_sample_size_sweep,sample_size_sweep
17,20000,8,9,0.6827854467729515,initial_sample_size_sweep,sample_size_sweep
17,20000,8,10,0.757872772321629,initial_sample_size_sweep,sample_size_sweep
17,20000,9,10,0.696636644733409,initial_sample_size_sweep,sample_size_sweep
20,500,1,2,0.4364283448147885,initial_sample_size_sweep,sample_size_sweep
20,500,1,3,0.3949629055938514,initial_sample_size_sweep,sample_size_sweep
20,500,1,4,0.4316077944543108,initial_sample_size_sweep,sample_size_sweep
20,500,1,5,0.4654092948675547,initial_sample_size_sweep,sample_size_sweep
20,500,1,6,0.4138911062803325,initial_sample_size_sweep,sample_size_sweep
20,500,1,7,0.4248001385768872,initial_sample_size_sweep,sample_size_sweep
20,500,1,8,0.5012156615640381,initial_sample_size_sweep,sample_size_sweep
20,500,1,9,0.4153455467228575,initial_sample_size_sweep,sample_size_sweep
20,500,1,10,0.4094367023913572,initial_sample_size_sweep,sample_size_sweep
20,500,2,3,0.3669716274047403,initial_sample_size_sweep,sample_size_sweep
20,500,2,4,0.4290719934118756,initial_sample_size_sweep,sample_size_sweep
20,500,2,5,0.3950094956255385,initial_sample_size_sweep,sample_size_sweep
20,500,2,6,0.405937833458505,initial_sample_size_sweep,sample_size_sweep
20,500,2,7,0.3495986376349877,initial_sample_size_sweep,sample_size_sweep
20,500,2,8,0.3900743041466992,initial_sample_size_sweep,sample_size_sweep
20,500,2,9,0.4099950468327439,initial_sample_size_sweep,sample_size_sweep
20,500,2,10,0.3805093448809033,initial_sample_size_sweep,sample_size_sweep
20,500,3,4,0.3863019316735148,initial_sample_size_sweep,sample_size_sweep
20,500,3,5,0.4356038523524488,initial_sample_size_sweep,sample_size_sweep
20,500,3,6,0.3924327737636398,initial_sample_size_sweep,sample_size_sweep
20,500,3,7,0.3984062463349431,initial_sample_size_sweep,sample_size_sweep
20,500,3,8,0.3495884384287066,initial_sample_size_sweep,sample_size_sweep
20,500,3,9,0.3699327399812446,initial_sample_size_sweep,sample_size_sweep
20,500,3,10,0.4749388330293396,initial_sample_size_sweep,sample_size_sweep
20,500,4,5,0.4140672320737421,initial_sample_size_sweep,sample_size_sweep
20,500,4,6,0.4133516724469924,initial_sample_size_sweep,sample_size_sweep
20,500,4,7,0.4624620856147552,initial_sample_size_sweep,sample_size_sweep
20,500,4,8,0.3519823624643574,initial_sample_size_sweep,sample_size_sweep
20,500,4,9,0.4217891363142246,initial_sample_size_sweep,sample_size_sweep
20,500,4,10,0.445679395630646,initial_sample_size_sweep,sample_size_sweep
20,500,5,6,0.4326547794331353,initial_sample_size_sweep,sample_size_sweep
20,500,5,7,0.4174765463438722,initial_sample_size_sweep,sample_size_sweep
20,500,5,8,0.4192490740030957,initial_sample_size_sweep,sample_size_sweep
20,500,5,9,0.3878508868325794,initial_sample_size_sweep,sample_size_sweep
20,500,5,10,0.4422256325574219,initial_sample_size_sweep,sample_size_sweep
20,500,6,7,0.402954423583429,initial_sample_size_sweep,sample_size_sweep
20,500,6,8,0.3813337490329678,initial_sample_size_sweep,sample_size_sweep
20,500,6,9,0.3877725466023027,initial_sample_size_sweep,sample_size_sweep
20,500,6,10,0.3888647413702017,initial_sample_size_sweep,sample_size_sweep
20,500,7,8,0.3744953772374894,initial_sample_size_sweep,sample_size_sweep
20,500,7,9,0.4178665957603753,initial_sample_size_sweep,sample_size_sweep
20,500,7,10,0.4558912139196061,initial_sample_size_sweep,sample_size_sweep
20,500,8,9,0.3973845665634214,initial_sample_size_sweep,sample_size_sweep
20,500,8,10,0.3829165781571586,initial_sample_size_sweep,sample_size_sweep
20,500,9,10,0.456953100910667,initial_sample_size_sweep,sample_size_sweep
20,1000,1,2,0.5083466770462509,initial_sample_size_sweep,sample_size_sweep
20,1000,1,3,0.4324688564958423,initial_sample_size_sweep,sample_size_sweep
20,1000,1,4,0.4913607856415958,initial_sample_size_sweep,sample_size_sweep
20,1000,1,5,0.4076013686363973,initial_sample_size_sweep,sample_size_sweep
20,1000,1,6,0.4951686401405007,initial_sample_size_sweep,sample_size_sweep
20,1000,1,7,0.4825584251263412,initial_sample_size_sweep,sample_size_sweep
20,1000,1,8,0.4546105119737378,initial_sample_size_sweep,sample_size_sweep
20,1000,1,9,0.4511389161277412,initial_sample_size_sweep,sample_size_sweep
20,1000,1,10,0.4618331713808665,initial_sample_size_sweep,sample_size_sweep
20,1000,2,3,0.4394574728237505,initial_sample_size_sweep,sample_size_sweep
20,1000,2,4,0.426134571068287,initial_sample_size_sweep,sample_size_sweep
20,1000,2,5,0.3981844347562873,initial_sample_size_sweep,sample_size_sweep
20,1000,2,6,0.4603693780802779,initial_sample_size_sweep,sample_size_sweep
20,1000,2,7,0.4069130679766763,initial_sample_size_sweep,sample_size_sweep
20,1000,2,8,0.4723719093409664,initial_sample_size_sweep,sample_size_sweep
20,1000,2,9,0.3795477707213733,initial_sample_size_sweep,sample_size_sweep
20,1000,2,10,0.4152774313923714,initial_sample_size_sweep,sample_size_sweep
20,1000,3,4,0.4133483265807333,initial_sample_size_sweep,sample_size_sweep
20,1000,3,5,0.3917056795861401,initial_sample_size_sweep,sample_size_sweep
20,1000,3,6,0.38617308046041,initial_sample_size_sweep,sample_size_sweep
20,1000,3,7,0.4830035761175552,initial_sample_size_sweep,sample_size_sweep
20,1000,3,8,0.4509195173902389,initial_sample_size_sweep,sample_size_sweep
20,1000,3,9,0.3979490327267369,initial_sample_size_sweep,sample_size_sweep
20,1000,3,10,0.4365867151239675,initial_sample_size_sweep,sample_size_sweep
20,1000,4,5,0.3796062085601659,initial_sample_size_sweep,sample_size_sweep
20,1000,4,6,0.4234927229253448,initial_sample_size_sweep,sample_size_sweep
20,1000,4,7,0.4343011412160843,initial_sample_size_sweep,sample_size_sweep
20,1000,4,8,0.5078662263199314,initial_sample_size_sweep,sample_size_sweep
20,1000,4,9,0.4865204477539006,initial_sample_size_sweep,sample_size_sweep
20,1000,4,10,0.410136968209612,initial_sample_size_sweep,sample_size_sweep
20,1000,5,6,0.4185618957455423,initial_sample_size_sweep,sample_size_sweep
20,1000,5,7,0.447137172178606,initial_sample_size_sweep,sample_size_sweep
20,1000,5,8,0.3764444061241919,initial_sample_size_sweep,sample_size_sweep
20,1000,5,9,0.3843952550604691,initial_sample_size_sweep,sample_size_sweep
20,1000,5,10,0.4110261228807446,initial_sample_size_sweep,sample_size_sweep
20,1000,6,7,0.4115876930720346,initial_sample_size_sweep,sample_size_sweep
20,1000,6,8,0.3695071507109319,initial_sample_size_sweep,sample_size_sweep
20,1000,6,9,0.3829807514594328,initial_sample_size_sweep,sample_size_sweep
20,1000,6,10,0.4799288549483931,initial_sample_size_sweep,sample_size_sweep
20,1000,7,8,0.4201529769700328,initial_sample_size_sweep,sample_size_sweep
20,1000,7,9,0.4235690844834847,initial_sample_size_sweep,sample_size_sweep
20,1000,7,10,0.4497765667889346,initial_sample_size_sweep,sample_size_sweep
20,1000,8,9,0.3889631960568634,initial_sample_size_sweep,sample_size_sweep
20,1000,8,10,0.3406012015330569,initial_sample_size_sweep,sample_size_sweep
20,1000,9,10,0.3837695175971318,initial_sample_size_sweep,sample_size_sweep
20,2000,1,2,0.533609720913283,initial_sample_size_sweep,sample_size_sweep
20,2000,1,3,0.5945550443961416,initial_sample_size_sweep,sample_size_sweep
20,2000,1,4,0.4779413801007838,initial_sample_size_sweep,sample_size_sweep
20,2000,1,5,0.5717970714211036,initial_sample_size_sweep,sample_size_sweep
20,2000,1,6,0.4957687286939422,initial_sample_size_sweep,sample_size_sweep
20,2000,1,7,0.4791122326183908,initial_sample_size_sweep,sample_size_sweep
20,2000,1,8,0.4952857995548292,initial_sample_size_sweep,sample_size_sweep
20,2000,1,9,0.5289436691400425,initial_sample_size_sweep,sample_size_sweep
20,2000,1,10,0.5282799951146423,initial_sample_size_sweep,sample_size_sweep
20,2000,2,3,0.6190860232058994,initial_sample_size_sweep,sample_size_sweep
20,2000,2,4,0.517702300571919,initial_sample_size_sweep,sample_size_sweep
20,2000,2,5,0.5822588679037826,initial_sample_size_sweep,sample_size_sweep
20,2000,2,6,0.5074284872516118,initial_sample_size_sweep,sample_size_sweep
20,2000,2,7,0.5016999685051711,initial_sample_size_sweep,sample_size_sweep
20,2000,2,8,0.4349533215988251,initial_sample_size_sweep,sample_size_sweep
20,2000,2,9,0.5806088758479373,initial_sample_size_sweep,sample_size_sweep
20,2000,2,10,0.4849779469225353,initial_sample_size_sweep,sample_size_sweep
20,2000,3,4,0.5175422636832113,initial_sample_size_sweep,sample_size_sweep
20,2000,3,5,0.6428091354234589,initial_sample_size_sweep,sample_size_sweep
20,2000,3,6,0.5274477671448636,initial_sample_size_sweep,sample_size_sweep
20,2000,3,7,0.5735202110421803,initial_sample_size_sweep,sample_size_sweep
20,2000,3,8,0.5168932116996381,initial_sample_size_sweep,sample_size_sweep
20,2000,3,9,0.5512133368626446,initial_sample_size_sweep,sample_size_sweep
20,2000,3,10,0.5983148319974022,initial_sample_size_sweep,sample_size_sweep
20,2000,4,5,0.5269995096396836,initial_sample_size_sweep,sample_size_sweep
20,2000,4,6,0.4395706349767086,initial_sample_size_sweep,sample_size_sweep
20,2000,4,7,0.447713123439888,initial_sample_size_sweep,sample_size_sweep
20,2000,4,8,0.505359707409845,initial_sample_size_sweep,sample_size_sweep
20,2000,4,9,0.4385933031329249,initial_sample_size_sweep,sample_size_sweep
20,2000,4,10,0.5508150816204519,initial_sample_size_sweep,sample_size_sweep
20,2000,5,6,0.4710146406622503,initial_sample_size_sweep,sample_size_sweep
20,2000,5,7,0.4791210979785085,initial_sample_size_sweep,sample_size_sweep
20,2000,5,8,0.5100586763089379,initial_sample_size_sweep,sample_size_sweep
20,2000,5,9,0.5086184730564892,initial_sample_size_sweep,sample_size_sweep
20,2000,5,10,0.5288492131893556,initial_sample_size_sweep,sample_size_sweep
20,2000,6,7,0.4608509684849863,initial_sample_size_sweep,sample_size_sweep
20,2000,6,8,0.4509815417022915,initial_sample_size_sweep,sample_size_sweep
20,2000,6,9,0.5776074996650398,initial_sample_size_sweep,sample_size_sweep
20,2000,6,10,0.4261652003633704,initial_sample_size_sweep,sample_size_sweep
20,2000,7,8,0.4364100378891746,initial_sample_size_sweep,sample_size_sweep
20,2000,7,9,0.5067752342258727,initial_sample_size_sweep,sample_size_sweep
20,2000,7,10,0.4865039410582923,initial_sample_size_sweep,sample_size_sweep
20,2000,8,9,0.4523014769411503,initial_sample_size_sweep,sample_size_sweep
20,2000,8,10,0.5441663371416768,initial_sample_size_sweep,sample_size_sweep
20,2000,9,10,0.4371043312179716,initial_sample_size_sweep,sample_size_sweep
20,5000,1,2,0.5803228351590571,initial_sample_size_sweep,sample_size_sweep
20,5000,1,3,0.5506338199604265,initial_sample_size_sweep,sample_size_sweep
20,5000,1,4,0.6371485599044124,initial_sample_size_sweep,sample_size_sweep
20,5000,1,5,0.5295130304703908,initial_sample_size_sweep,sample_size_sweep
20,5000,1,6,0.6020846573560441,initial_sample_size_sweep,sample_size_sweep
20,5000,1,7,0.671058040082199,initial_sample_size_sweep,sample_size_sweep
20,5000,1,8,0.5278382383249838,initial_sample_size_sweep,sample_size_sweep
20,5000,1,9,0.5068328788446992,initial_sample_size_sweep,sample_size_sweep
20,5000,1,10,0.7606431883666799,initial_sample_size_sweep,sample_size_sweep
20,5000,2,3,0.5392856997215608,initial_sample_size_sweep,sample_size_sweep
20,5000,2,4,0.5402211082209841,initial_sample_size_sweep,sample_size_sweep
20,5000,2,5,0.6202385119119637,initial_sample_size_sweep,sample_size_sweep
20,5000,2,6,0.6401401647959865,initial_sample_size_sweep,sample_size_sweep
20,5000,2,7,0.5265775445069124,initial_sample_size_sweep,sample_size_sweep
20,5000,2,8,0.5707218974371382,initial_sample_size_sweep,sample_size_sweep
20,5000,2,9,0.5232774780278799,initial_sample_size_sweep,sample_size_sweep
20,5000,2,10,0.626314000872884,initial_sample_size_sweep,sample_size_sweep
20,5000,3,4,0.5213808584446288,initial_sample_size_sweep,sample_size_sweep
20,5000,3,5,0.4562812588252664,initial_sample_size_sweep,sample_size_sweep
20,5000,3,6,0.5669399104482111,initial_sample_size_sweep,sample_size_sweep
20,5000,3,7,0.5577688494383235,initial_sample_size_sweep,sample_size_sweep
20,5000,3,8,0.4998495309587261,initial_sample_size_sweep,sample_size_sweep
20,5000,3,9,0.6009201628963448,initial_sample_size_sweep,sample_size_sweep
20,5000,3,10,0.5440009124560573,initial_sample_size_sweep,sample_size_sweep
20,5000,4,5,0.5650446264812399,initial_sample_size_sweep,sample_size_sweep
20,5000,4,6,0.5312665662972473,initial_sample_size_sweep,sample_size_sweep
20,5000,4,7,0.6042024307630495,initial_sample_size_sweep,sample_size_sweep
20,5000,4,8,0.532900462215506,initial_sample_size_sweep,sample_size_sweep
20,5000,4,9,0.5315194418377155,initial_sample_size_sweep,sample_size_sweep
20,5000,4,10,0.612180447886961,initial_sample_size_sweep,sample_size_sweep
20,5000,5,6,0.5364453507655372,initial_sample_size_sweep,sample_size_sweep
20,5000,5,7,0.4855582322888163,initial_sample_size_sweep,sample_size_sweep
20,5000,5,8,0.5312322911104022,initial_sample_size_sweep,sample_size_sweep
20,5000,5,9,0.5016524804266179,initial_sample_size_sweep,sample_size_sweep
20,5000,5,10,0.6010408026319755,initial_sample_size_sweep,sample_size_sweep
20,5000,6,7,0.586464787583237,initial_sample_size_sweep,sample_size_sweep
20,5000,6,8,0.5985062758092713,initial_sample_size_sweep,sample_size_sweep
20,5000,6,9,0.5674216922952713,initial_sample_size_sweep,sample_size_sweep
20,5000,6,10,0.6413241036177242,initial_sample_size_sweep,sample_size_sweep
20,5000,7,8,0.4855219840217502,initial_sample_size_sweep,sample_size_sweep
20,5000,7,9,0.5312978743266416,initial_sample_size_sweep,sample_size_sweep
20,5000,7,10,0.6822233709445386,initial_sample_size_sweep,sample_size_sweep
20,5000,8,9,0.6215110725772488,initial_sample_size_sweep,sample_size_sweep
20,5000,8,10,0.5253615994427696,initial_sample_size_sweep,sample_size_sweep
20,5000,9,10,0.5537160811603318,initial_sample_size_sweep,sample_size_sweep
20,6000,1,2,0.5964045651497861,policy300_k20,policy_300k_validation
20,6000,1,3,0.5888716434204081,policy300_k20,policy_300k_validation
20,6000,1,4,0.6493827868895148,policy300_k20,policy_300k_validation
20,6000,1,5,0.6281469213389188,policy300_k20,policy_300k_validation
20,6000,1,6,0.6314887909517609,policy300_k20,policy_300k_validation
20,6000,1,7,0.6928403022426477,policy300_k20,policy_300k_validation
20,6000,1,8,0.6135180958131926,policy300_k20,policy_300k_validation
20,6000,1,9,0.6567834064362772,policy300_k20,policy_300k_validation
20,6000,1,10,0.6047121549825827,policy300_k20,policy_300k_validation
20,6000,2,3,0.5450972963339857,policy300_k20,policy_300k_validation
20,6000,2,4,0.6527042162194053,policy300_k20,policy_300k_validation
20,6000,2,5,0.6260397667133611,policy300_k20,policy_300k_validation
20,6000,2,6,0.5962706206504687,policy300_k20,policy_300k_validation
20,6000,2,7,0.5565061373748923,policy300_k20,policy_300k_validation
20,6000,2,8,0.6709369338133778,policy300_k20,policy_300k_validation
20,6000,2,9,0.6101978753042676,policy300_k20,policy_300k_validation
20,6000,2,10,0.5930845711065118,policy300_k20,policy_300k_validation
20,6000,3,4,0.4901438105379982,policy300_k20,policy_300k_validation
20,6000,3,5,0.6550653132186444,policy300_k20,policy_300k_validation
20,6000,3,6,0.6180767363142112,policy300_k20,policy_300k_validation
20,6000,3,7,0.6300400333443279,policy300_k20,policy_300k_validation
20,6000,3,8,0.5808720934562205,policy300_k20,policy_300k_validation
20,6000,3,9,0.6204633653298256,policy300_k20,policy_300k_validation
20,6000,3,10,0.6104777692115609,policy300_k20,policy_300k_validation
20,6000,4,5,0.5667674901664447,policy300_k20,policy_300k_validation
20,6000,4,6,0.6271395312708962,policy300_k20,policy_300k_validation
20,6000,4,7,0.5505981523630391,policy300_k20,policy_300k_validation
20,6000,4,8,0.5724996027275062,policy300_k20,policy_300k_validation
20,6000,4,9,0.5529842649506833,policy300_k20,policy_300k_validation
20,6000,4,10,0.5629867899738599,policy300_k20,policy_300k_validation
20,6000,5,6,0.6630045062007778,policy300_k20,policy_300k_validation
20,6000,5,7,0.6369548054053824,policy300_k20,policy_300k_validation
20,6000,5,8,0.6419689970251141,policy300_k20,policy_300k_validation
20,6000,5,9,0.6588241278283256,policy300_k20,policy_300k_validation
20,6000,5,10,0.683599479322153,policy300_k20,policy_300k_validation
20,6000,6,7,0.6173766605189063,policy300_k20,policy_300k_validation
20,6000,6,8,0.5497021108775683,policy300_k20,policy_300k_validation
20,6000,6,9,0.6431394326204019,policy300_k20,policy_300k_validation
20,6000,6,10,0.547610065173693,policy300_k20,policy_300k_validation
20,6000,7,8,0.5584616700694178,policy300_k20,policy_300k_validation
20,6000,7,9,0.666680542460887,policy300_k20,policy_300k_validation
20,6000,7,10,0.6515313456449628,policy300_k20,policy_300k_validation
20,6000,8,9,0.5789696613305205,policy300_k20,policy_300k_validation
20,6000,8,10,0.616209082455454,policy300_k20,policy_300k_validation
20,6000,9,10,0.6074973206788181,policy300_k20,policy_300k_validation
20,10000,1,2,0.4727557234541698,initial_sample_size_sweep,sample_size_sweep
20,10000,1,3,0.665086265011245,initial_sample_size_sweep,sample_size_sweep
20,10000,1,4,0.4994361422692362,initial_sample_size_sweep,sample_size_sweep
20,10000,1,5,0.5592645409943029,initial_sample_size_sweep,sample_size_sweep
20,10000,1,6,0.6234976086154934,initial_sample_size_sweep,sample_size_sweep
20,10000,1,7,0.6035516285913933,initial_sample_size_sweep,sample_size_sweep
20,10000,1,8,0.698983666453986,initial_sample_size_sweep,sample_size_sweep
20,10000,1,9,0.5998544770820994,initial_sample_size_sweep,sample_size_sweep
20,10000,1,10,0.5441555565729291,initial_sample_size_sweep,sample_size_sweep
20,10000,2,3,0.582003228981893,initial_sample_size_sweep,sample_size_sweep
20,10000,2,4,0.5498538445206587,initial_sample_size_sweep,sample_size_sweep
20,10000,2,5,0.5026908999292372,initial_sample_size_sweep,sample_size_sweep
20,10000,2,6,0.5668178794281757,initial_sample_size_sweep,sample_size_sweep
20,10000,2,7,0.4835202348317018,initial_sample_size_sweep,sample_size_sweep
20,10000,2,8,0.5043015511224002,initial_sample_size_sweep,sample_size_sweep
20,10000,2,9,0.531691612804423,initial_sample_size_sweep,sample_size_sweep
20,10000,2,10,0.5817913719879126,initial_sample_size_sweep,sample_size_sweep
20,10000,3,4,0.5721176578782348,initial_sample_size_sweep,sample_size_sweep
20,10000,3,5,0.6203272681116323,initial_sample_size_sweep,sample_size_sweep
20,10000,3,6,0.7313913948705321,initial_sample_size_sweep,sample_size_sweep
20,10000,3,7,0.5957467253118618,initial_sample_size_sweep,sample_size_sweep
20,10000,3,8,0.7279842334401269,initial_sample_size_sweep,sample_size_sweep
20,10000,3,9,0.6068144267629384,initial_sample_size_sweep,sample_size_sweep
20,10000,3,10,0.6156787732064248,initial_sample_size_sweep,sample_size_sweep
20,10000,4,5,0.5840775225327506,initial_sample_size_sweep,sample_size_sweep
20,10000,4,6,0.5138924416958163,initial_sample_size_sweep,sample_size_sweep
20,10000,4,7,0.5221274505770238,initial_sample_size_sweep,sample_size_sweep
20,10000,4,8,0.5161256181899733,initial_sample_size_sweep,sample_size_sweep
20,10000,4,9,0.5322349745187939,initial_sample_size_sweep,sample_size_sweep
20,10000,4,10,0.6811831751395024,initial_sample_size_sweep,sample_size_sweep
20,10000,5,6,0.5916956315950808,initial_sample_size_sweep,sample_size_sweep
20,10000,5,7,0.6632497778027782,initial_sample_size_sweep,sample_size_sweep
20,10000,5,8,0.6020348841770897,initial_sample_size_sweep,sample_size_sweep
20,10000,5,9,0.6137492515917984,initial_sample_size_sweep,sample_size_sweep
20,10000,5,10,0.6374366643134153,initial_sample_size_sweep,sample_size_sweep
20,10000,6,7,0.5890656966101586,initial_sample_size_sweep,sample_size_sweep
20,10000,6,8,0.6670315350205226,initial_sample_size_sweep,sample_size_sweep
20,10000,6,9,0.5618161136553983,initial_sample_size_sweep,sample_size_sweep
20,10000,6,10,0.5605869696884527,initial_sample_size_sweep,sample_size_sweep
20,10000,7,8,0.6040775945459538,initial_sample_size_sweep,sample_size_sweep
20,10000,7,9,0.7671815289672377,initial_sample_size_sweep,sample_size_sweep
20,10000,7,10,0.5726357367712512,initial_sample_size_sweep,sample_size_sweep
20,10000,8,9,0.6524475613062607,initial_sample_size_sweep,sample_size_sweep
20,10000,8,10,0.5550290450584703,initial_sample_size_sweep,sample_size_sweep
20,10000,9,10,0.5475971032039502,initial_sample_size_sweep,sample_size_sweep
20,20000,1,2,0.6077742609159494,initial_sample_size_sweep,sample_size_sweep
20,20000,1,3,0.6439674159278503,initial_sample_size_sweep,sample_size_sweep
20,20000,1,4,0.6109047720157127,initial_sample_size_sweep,sample_size_sweep
20,20000,1,5,0.5586548113628909,initial_sample_size_sweep,sample_size_sweep
20,20000,1,6,0.6546532318889867,initial_sample_size_sweep,sample_size_sweep
20,20000,1,7,0.5929930266192743,initial_sample_size_sweep,sample_size_sweep
20,20000,1,8,0.5728783517549686,initial_sample_size_sweep,sample_size_sweep
20,20000,1,9,0.6191040236868897,initial_sample_size_sweep,sample_size_sweep
20,20000,1,10,0.5697634033865056,initial_sample_size_sweep,sample_size_sweep
20,20000,2,3,0.781473535554253,initial_sample_size_sweep,sample_size_sweep
20,20000,2,4,0.7453378627794055,initial_sample_size_sweep,sample_size_sweep
20,20000,2,5,0.5954970374268603,initial_sample_size_sweep,sample_size_sweep
20,20000,2,6,0.6636042387552085,initial_sample_size_sweep,sample_size_sweep
20,20000,2,7,0.6718833579947169,initial_sample_size_sweep,sample_size_sweep
20,20000,2,8,0.716273086460007,initial_sample_size_sweep,sample_size_sweep
20,20000,2,9,0.6815313073584943,initial_sample_size_sweep,sample_size_sweep
20,20000,2,10,0.7034766509591963,initial_sample_size_sweep,sample_size_sweep
20,20000,3,4,0.7114480985825479,initial_sample_size_sweep,sample_size_sweep
20,20000,3,5,0.6638062542257482,initial_sample_size_sweep,sample_size_sweep
20,20000,3,6,0.7321299589855443,initial_sample_size_sweep,sample_size_sweep
20,20000,3,7,0.7374636908259181,initial_sample_size_sweep,sample_size_sweep
20,20000,3,8,0.7455226685680651,initial_sample_size_sweep,sample_size_sweep
20,20000,3,9,0.6368177200179387,initial_sample_size_sweep,sample_size_sweep
20,20000,3,10,0.7558358341142786,initial_sample_size_sweep,sample_size_sweep
20,20000,4,5,0.5652181889957629,initial_sample_size_sweep,sample_size_sweep
20,20000,4,6,0.6091689922733374,initial_sample_size_sweep,sample_size_sweep
20,20000,4,7,0.6311134666511217,initial_sample_size_sweep,sample_size_sweep
20,20000,4,8,0.7540738152252078,initial_sample_size_sweep,sample_size_sweep
20,20000,4,9,0.6656381516817129,initial_sample_size_sweep,sample_size_sweep
20,20000,4,10,0.6857325077418219,initial_sample_size_sweep,sample_size_sweep
20,20000,5,6,0.6633287955438902,initial_sample_size_sweep,sample_size_sweep
20,20000,5,7,0.7483028016451626,initial_sample_size_sweep,sample_size_sweep
20,20000,5,8,0.5963783864493925,initial_sample_size_sweep,sample_size_sweep
20,20000,5,9,0.5358506573962319,initial_sample_size_sweep,sample_size_sweep
20,20000,5,10,0.6861666556927132,initial_sample_size_sweep,sample_size_sweep
20,20000,6,7,0.6984989921128614,initial_sample_size_sweep,sample_size_sweep
20,20000,6,8,0.6176236086233502,initial_sample_size_sweep,sample_size_sweep
20,20000,6,9,0.5844601921588819,initial_sample_size_sweep,sample_size_sweep
20,20000,6,10,0.6324090129058152,initial_sample_size_sweep,sample_size_sweep
20,20000,7,8,0.6353665444281319,initial_sample_size_sweep,sample_size_sweep
20,20000,7,9,0.5811949806207507,initial_sample_size_sweep,sample_size_sweep
20,20000,7,10,0.7168552550982858,initial_sample_size_sweep,sample_size_sweep
20,20000,8,9,0.607695211834968,initial_sample_size_sweep,sample_size_sweep
20,20000,8,10,0.7400988008517781,initial_sample_size_sweep,sample_size_sweep
20,20000,9,10,0.6187800307054097,initial_sample_size_sweep,sample_size_sweep
30,2000,1,2,0.4639551879042505,extended_k30,sample_size_sweep
30,2000,1,3,0.4874729201824851,extended_k30,sample_size_sweep
30,2000,1,4,0.5041577479191882,extended_k30,sample_size_sweep
30,2000,1,5,0.5027267071779926,extended_k30,sample_size_sweep
30,2000,1,6,0.4906009970744532,extended_k30,sample_size_sweep
30,2000,1,7,0.4651397798302772,extended_k30,sample_size_sweep
30,2000,1,8,0.50718091901244,extended_k30,sample_size_sweep
30,2000,1,9,0.5033504192403878,extended_k30,sample_size_sweep
30,2000,1,10,0.5011062686254808,extended_k30,sample_size_sweep
30,2000,2,3,0.4945468693243478,extended_k30,sample_size_sweep
30,2000,2,4,0.4976023938730749,extended_k30,sample_size_sweep
30,2000,2,5,0.4623064182055266,extended_k30,sample_size_sweep
30,2000,2,6,0.4804168690105436,extended_k30,sample_size_sweep
30,2000,2,7,0.4857808026407185,extended_k30,sample_size_sweep
30,2000,2,8,0.5161969907944113,extended_k30,sample_size_sweep
30,2000,2,9,0.479431412645961,extended_k30,sample_size_sweep
30,2000,2,10,0.4400066377819122,extended_k30,sample_size_sweep
30,2000,3,4,0.4759104809979603,extended_k30,sample_size_sweep
30,2000,3,5,0.4608920458432034,extended_k30,sample_size_sweep
30,2000,3,6,0.5112932709394558,extended_k30,sample_size_sweep
30,2000,3,7,0.441593048846635,extended_k30,sample_size_sweep
30,2000,3,8,0.5255239134372306,extended_k30,sample_size_sweep
30,2000,3,9,0.4696559772068359,extended_k30,sample_size_sweep
30,2000,3,10,0.4151784073685243,extended_k30,sample_size_sweep
30,2000,4,5,0.4885663694466832,extended_k30,sample_size_sweep
30,2000,4,6,0.504506122269311,extended_k30,sample_size_sweep
30,2000,4,7,0.5071229697344521,extended_k30,sample_size_sweep
30,2000,4,8,0.5542748521671558,extended_k30,sample_size_sweep
30,2000,4,9,0.5086002145899085,extended_k30,sample_size_sweep
30,2000,4,10,0.5048366928089744,extended_k30,sample_size_sweep
30,2000,5,6,0.5156215976093638,extended_k30,sample_size_sweep
30,2000,5,7,0.4781183983026004,extended_k30,sample_size_sweep
30,2000,5,8,0.5008045396366101,extended_k30,sample_size_sweep
30,2000,5,9,0.4980666969247615,extended_k30,sample_size_sweep
30,2000,5,10,0.4689074808836559,extended_k30,sample_size_sweep
30,2000,6,7,0.4818772119792016,extended_k30,sample_size_sweep
30,2000,6,8,0.4635423018299086,extended_k30,sample_size_sweep
30,2000,6,9,0.4775919886860518,extended_k30,sample_size_sweep
30,2000,6,10,0.4381204778776114,extended_k30,sample_size_sweep
30,2000,7,8,0.4907191524810805,extended_k30,sample_size_sweep
30,2000,7,9,0.4651586570696323,extended_k30,sample_size_sweep
30,2000,7,10,0.4567950469434958,extended_k30,sample_size_sweep
30,2000,8,9,0.5222313251738064,extended_k30,sample_size_sweep
30,2000,8,10,0.5050020916490539,extended_k30,sample_size_sweep
30,2000,9,10,0.4554360117126992,extended_k30,sample_size_sweep
30,5000,1,2,0.5706678890471792,extended_k30,sample_size_sweep
30,5000,1,3,0.5528176975106103,extended_k30,sample_size_sweep
30,5000,1,4,0.5931991308228441,extended_k30,sample_size_sweep
30,5000,1,5,0.5957016970093759,extended_k30,sample_size_sweep
30,5000,1,6,0.6233888969158491,extended_k30,sample_size_sweep
30,5000,1,7,0.5774987735582884,extended_k30,sample_size_sweep
30,5000,1,8,0.5725408127836659,extended_k30,sample_size_sweep
30,5000,1,9,0.5788609526551162,extended_k30,sample_size_sweep
30,5000,1,10,0.548552279701507,extended_k30,sample_size_sweep
30,5000,2,3,0.488082491845529,extended_k30,sample_size_sweep
30,5000,2,4,0.566529392231015,extended_k30,sample_size_sweep
30,5000,2,5,0.541261241928461,extended_k30,sample_size_sweep
30,5000,2,6,0.5176219884002932,extended_k30,sample_size_sweep
30,5000,2,7,0.537458130937439,extended_k30,sample_size_sweep
30,5000,2,8,0.4893403247673024,extended_k30,sample_size_sweep
30,5000,2,9,0.5409867027392812,extended_k30,sample_size_sweep
30,5000,2,10,0.5244529030231588,extended_k30,sample_size_sweep
30,5000,3,4,0.5432462503917491,extended_k30,sample_size_sweep
30,5000,3,5,0.5229870793830065,extended_k30,sample_size_sweep
30,5000,3,6,0.5726940560654249,extended_k30,sample_size_sweep
30,5000,3,7,0.578013413420244,extended_k30,sample_size_sweep
30,5000,3,8,0.4956429355578317,extended_k30,sample_size_sweep
30,5000,3,9,0.5349646560696418,extended_k30,sample_size_sweep
30,5000,3,10,0.4995822444073372,extended_k30,sample_size_sweep
30,5000,4,5,0.5507535579909366,extended_k30,sample_size_sweep
30,5000,4,6,0.6195746025475908,extended_k30,sample_size_sweep
30,5000,4,7,0.5623075078427552,extended_k30,sample_size_sweep
30,5000,4,8,0.5287900879497768,extended_k30,sample_size_sweep
30,5000,4,9,0.5657821516447556,extended_k30,sample_size_sweep
30,5000,4,10,0.516616836407242,extended_k30,sample_size_sweep
30,5000,5,6,0.5442012902480389,extended_k30,sample_size_sweep
30,5000,5,7,0.58622136794533,extended_k30,sample_size_sweep
30,5000,5,8,0.5479163911805451,extended_k30,sample_size_sweep
30,5000,5,9,0.4992664777093639,extended_k30,sample_size_sweep
30,5000,5,10,0.5164330132249124,extended_k30,sample_size_sweep
30,5000,6,7,0.5570151019929894,extended_k30,sample_size_sweep
30,5000,6,8,0.5644456000572087,extended_k30,sample_size_sweep
30,5000,6,9,0.6112627244072998,extended_k30,sample_size_sweep
30,5000,6,10,0.5458862861900733,extended_k30,sample_size_sweep
30,5000,7,8,0.5183670641650542,extended_k30,sample_size_sweep
30,5000,7,9,0.5237605801837867,extended_k30,sample_size_sweep
30,5000,7,10,0.542984751627002,extended_k30,sample_size_sweep
30,5000,8,9,0.4980929909189752,extended_k30,sample_size_sweep
30,5000,8,10,0.5936109194747926,extended_k30,sample_size_sweep
30,5000,9,10,0.5117210416077329,extended_k30,sample_size_sweep
30,7500,1,2,0.5744018442834715,refinement_k30,sample_size_refinement
30,7500,1,3,0.5274744007872016,refinement_k30,sample_size_refinement
30,7500,1,4,0.5783785832425071,refinement_k30,sample_size_refinement
30,7500,1,5,0.5571681811984771,refinement_k30,sample_size_refinement
30,7500,1,6,0.5510134455086857,refinement_k30,sample_size_refinement
30,7500,1,7,0.5655873088354141,refinement_k30,sample_size_refinement
30,7500,1,8,0.5975907469967827,refinement_k30,sample_size_refinement
30,7500,1,9,0.557736657697283,refinement_k30,sample_size_refinement
30,7500,1,10,0.5212135520051467,refinement_k30,sample_size_refinement
30,7500,2,3,0.5518084697071604,refinement_k30,sample_size_refinement
30,7500,2,4,0.5606649888704912,refinement_k30,sample_size_refinement
30,7500,2,5,0.5729971674573153,refinement_k30,sample_size_refinement
30,7500,2,6,0.489136521299497,refinement_k30,sample_size_refinement
30,7500,2,7,0.5054798049020061,refinement_k30,sample_size_refinement
30,7500,2,8,0.6291322874662417,refinement_k30,sample_size_refinement
30,7500,2,9,0.5484458715639455,refinement_k30,sample_size_refinement
30,7500,2,10,0.4820551516407447,refinement_k30,sample_size_refinement
30,7500,3,4,0.6217748859715859,refinement_k30,sample_size_refinement
30,7500,3,5,0.532694297381383,refinement_k30,sample_size_refinement
30,7500,3,6,0.5006633453284298,refinement_k30,sample_size_refinement
30,7500,3,7,0.5254980591610815,refinement_k30,sample_size_refinement
30,7500,3,8,0.5520909349505507,refinement_k30,sample_size_refinement
30,7500,3,9,0.5368687814127149,refinement_k30,sample_size_refinement
30,7500,3,10,0.4905949223039993,refinement_k30,sample_size_refinement
30,7500,4,5,0.5678669222838647,refinement_k30,sample_size_refinement
30,7500,4,6,0.5380615911439729,refinement_k30,sample_size_refinement
30,7500,4,7,0.5874301937340194,refinement_k30,sample_size_refinement
30,7500,4,8,0.5531134795644339,refinement_k30,sample_size_refinement
30,7500,4,9,0.5012328113263871,refinement_k30,sample_size_refinement
30,7500,4,10,0.6194358821682033,refinement_k30,sample_size_refinement
30,7500,5,6,0.5665842843126543,refinement_k30,sample_size_refinement
30,7500,5,7,0.609546525261861,refinement_k30,sample_size_refinement
30,7500,5,8,0.59538302172171,refinement_k30,sample_size_refinement
30,7500,5,9,0.5592871640048382,refinement_k30,sample_size_refinement
30,7500,5,10,0.572334700266238,refinement_k30,sample_size_refinement
30,7500,6,7,0.5954610392155162,refinement_k30,sample_size_refinement
30,7500,6,8,0.5058459809481075,refinement_k30,sample_size_refinement
30,7500,6,9,0.5189139669947107,refinement_k30,sample_size_refinement
30,7500,6,10,0.5217126881909045,refinement_k30,sample_size_refinement
30,7500,7,8,0.5862518392666741,refinement_k30,sample_size_refinement
30,7500,7,9,0.5696092512474721,refinement_k30,sample_size_refinement
30,7500,7,10,0.5541774689241477,refinement_k30,sample_size_refinement
30,7500,8,9,0.6053842553075166,refinement_k30,sample_size_refinement
30,7500,8,10,0.517216764549435,refinement_k30,sample_size_refinement
30,7500,9,10,0.5052216314982035,refinement_k30,sample_size_refinement
30,9000,1,2,0.6537783773507707,policy300_k30,policy_300k_validation
30,9000,1,3,0.6120196724725263,policy300_k30,policy_300k_validation
30,9000,1,4,0.564332666742304,policy300_k30,policy_300k_validation
30,9000,1,5,0.5435338891049105,policy300_k30,policy_300k_validation
30,9000,1,6,0.5699687780564585,policy300_k30,policy_300k_validation
30,9000,1,7,0.5783454939974616,policy300_k30,policy_300k_validation
30,9000,1,8,0.6434524683755442,policy300_k30,policy_300k_validation
30,9000,1,9,0.6113894637719258,policy300_k30,policy_300k_validation
30,9000,1,10,0.6171949016758537,policy300_k30,policy_300k_validation
30,9000,2,3,0.6598081024017992,policy300_k30,policy_300k_validation
30,9000,2,4,0.6525440410307256,policy300_k30,policy_300k_validation
30,9000,2,5,0.5774329883412337,policy300_k30,policy_300k_validation
30,9000,2,6,0.6248284399657061,policy300_k30,policy_300k_validation
30,9000,2,7,0.5995198806371693,policy300_k30,policy_300k_validation
30,9000,2,8,0.6332635996493338,policy300_k30,policy_300k_validation
30,9000,2,9,0.6443604760798075,policy300_k30,policy_300k_validation
30,9000,2,10,0.6476761480906479,policy300_k30,policy_300k_validation
30,9000,3,4,0.6315791148483915,policy300_k30,policy_300k_validation
30,9000,3,5,0.5695340066710168,policy300_k30,policy_300k_validation
30,9000,3,6,0.6562626361502223,policy300_k30,policy_300k_validation
30,9000,3,7,0.6124226091341467,policy300_k30,policy_300k_validation
30,9000,3,8,0.5882308525224399,policy300_k30,policy_300k_validation
30,9000,3,9,0.5886306381144788,policy300_k30,policy_300k_validation
30,9000,3,10,0.6391087546570277,policy300_k30,policy_300k_validation
30,9000,4,5,0.6060602965809718,policy300_k30,policy_300k_validation
30,9000,4,6,0.5972110921675489,policy300_k30,policy_300k_validation
30,9000,4,7,0.6433686833873323,policy300_k30,policy_300k_validation
30,9000,4,8,0.6030708632103717,policy300_k30,policy_300k_validation
30,9000,4,9,0.6172343257384727,policy300_k30,policy_300k_validation
30,9000,4,10,0.6391140674440455,policy300_k30,policy_300k_validation
30,9000,5,6,0.5857559576515478,policy300_k30,policy_300k_validation
30,9000,5,7,0.5877033145519628,policy300_k30,policy_300k_validation
30,9000,5,8,0.5465628578774271,policy300_k30,policy_300k_validation
30,9000,5,9,0.5430288186546246,policy300_k30,policy_300k_validation
30,9000,5,10,0.5435016767147957,policy300_k30,policy_300k_validation
30,9000,6,7,0.6123812465863315,policy300_k30,policy_300k_validation
30,9000,6,8,0.6564714710014126,policy300_k30,policy_300k_validation
30,9000,6,9,0.5972075699460685,policy300_k30,policy_300k_validation
30,9000,6,10,0.5933276882423798,policy300_k30,policy_300k_validation
30,9000,7,8,0.6134584314618214,policy300_k30,policy_300k_validation
30,9000,7,9,0.6416700654227682,policy300_k30,policy_300k_validation
30,9000,7,10,0.6941641515909837,policy300_k30,policy_300k_validation
30,9000,8,9,0.5880995590815713,policy300_k30,policy_300k_validation
30,9000,8,10,0.5862613496914997,policy300_k30,policy_300k_validation
30,9000,9,10,0.721797570080242,policy300_k30,policy_300k_validation
30,10000,1,2,0.5977957189422035,extended_k30,sample_size_sweep
30,10000,1,3,0.5463408150237731,extended_k30,sample_size_sweep
30,10000,1,4,0.5726026403453146,extended_k30,sample_size_sweep
30,10000,1,5,0.6043005956729064,extended_k30,sample_size_sweep
30,10000,1,6,0.6896705551871309,extended_k30,sample_size_sweep
30,10000,1,7,0.6591302347172057,extended_k30,sample_size_sweep
30,10000,1,8,0.5883837509992714,extended_k30,sample_size_sweep
30,10000,1,9,0.7059493030139998,extended_k30,sample_size_sweep
30,10000,1,10,0.6848390554526647,extended_k30,sample_size_sweep
30,10000,2,3,0.5341223595196172,extended_k30,sample_size_sweep
30,10000,2,4,0.5807846209995134,extended_k30,sample_size_sweep
30,10000,2,5,0.5859113802353269,extended_k30,sample_size_sweep
30,10000,2,6,0.6187740458434895,extended_k30,sample_size_sweep
30,10000,2,7,0.5709073254161408,extended_k30,sample_size_sweep
30,10000,2,8,0.5628380885356911,extended_k30,sample_size_sweep
30,10000,2,9,0.5861422463496317,extended_k30,sample_size_sweep
30,10000,2,10,0.6467504567768317,extended_k30,sample_size_sweep
30,10000,3,4,0.5187942351811708,extended_k30,sample_size_sweep
30,10000,3,5,0.5715126706862484,extended_k30,sample_size_sweep
30,10000,3,6,0.5747638811750081,extended_k30,sample_size_sweep
30,10000,3,7,0.5765824376815588,extended_k30,sample_size_sweep
30,10000,3,8,0.5961094511824303,extended_k30,sample_size_sweep
30,10000,3,9,0.5506061954939186,extended_k30,sample_size_sweep
30,10000,3,10,0.5704012526187594,extended_k30,sample_size_sweep
30,10000,4,5,0.5959690705138257,extended_k30,sample_size_sweep
30,10000,4,6,0.5947007884013675,extended_k30,sample_size_sweep
30,10000,4,7,0.5967148029609817,extended_k30,sample_size_sweep
30,10000,4,8,0.6152219946563808,extended_k30,sample_size_sweep
30,10000,4,9,0.5633522313032516,extended_k30,sample_size_sweep
30,10000,4,10,0.6312965360446632,extended_k30,sample_size_sweep
30,10000,5,6,0.5908187995744657,extended_k30,sample_size_sweep
30,10000,5,7,0.5577688452081796,extended_k30,sample_size_sweep
30,10000,5,8,0.5911771755443983,extended_k30,sample_size_sweep
30,10000,5,9,0.6525413594867339,extended_k30,sample_size_sweep
30,10000,5,10,0.6340047299468161,extended_k30,sample_size_sweep
30,10000,6,7,0.6897718966966516,extended_k30,sample_size_sweep
30,10000,6,8,0.6013902249591363,extended_k30,sample_size_sweep
30,10000,6,9,0.6622757237894905,extended_k30,sample_size_sweep
30,10000,6,10,0.7158923592595399,extended_k30,sample_size_sweep
30,10000,7,8,0.5890189652213143,extended_k30,sample_size_sweep
30,10000,7,9,0.6159565452000101,extended_k30,sample_size_sweep
30,10000,7,10,0.6692674312580238,extended_k30,sample_size_sweep
30,10000,8,9,0.5615498762410216,extended_k30,sample_size_sweep
30,10000,8,10,0.5499380738124134,extended_k30,sample_size_sweep
30,10000,9,10,0.665607417412401,extended_k30,sample_size_sweep
30,15000,1,2,0.6341163640926941,extended_k30,sample_size_sweep
30,15000,1,3,0.5918995993019885,extended_k30,sample_size_sweep
30,15000,1,4,0.5797659679901267,extended_k30,sample_size_sweep
30,15000,1,5,0.5673042902928522,extended_k30,sample_size_sweep
30,15000,1,6,0.6133380425143503,extended_k30,sample_size_sweep
30,15000,1,7,0.6567578513609962,extended_k30,sample_size_sweep
30,15000,1,8,0.6608505800276012,extended_k30,sample_size_sweep
30,15000,1,9,0.5792904781883677,extended_k30,sample_size_sweep
30,15000,1,10,0.620710832512192,extended_k30,sample_size_sweep
30,15000,2,3,0.6308047685353424,extended_k30,sample_size_sweep
30,15000,2,4,0.5597798107408598,extended_k30,sample_size_sweep
30,15000,2,5,0.5619339001411395,extended_k30,sample_size_sweep
30,15000,2,6,0.5921593599853654,extended_k30,sample_size_sweep
30,15000,2,7,0.6683841462525415,extended_k30,sample_size_sweep
30,15000,2,8,0.6253605588914047,extended_k30,sample_size_sweep
30,15000,2,9,0.607144293798307,extended_k30,sample_size_sweep
30,15000,2,10,0.6061793210461857,extended_k30,sample_size_sweep
30,15000,3,4,0.586458492588254,extended_k30,sample_size_sweep
30,15000,3,5,0.6019238570958432,extended_k30,sample_size_sweep
30,15000,3,6,0.5836374661711279,extended_k30,sample_size_sweep
30,15000,3,7,0.6309431480234702,extended_k30,sample_size_sweep
30,15000,3,8,0.6585486384032512,extended_k30,sample_size_sweep
30,15000,3,9,0.628387624723045,extended_k30,sample_size_sweep
30,15000,3,10,0.5718764048105235,extended_k30,sample_size_sweep
30,15000,4,5,0.5622622097447626,extended_k30,sample_size_sweep
30,15000,4,6,0.5378109272400139,extended_k30,sample_size_sweep
30,15000,4,7,0.534168136446041,extended_k30,sample_size_sweep
30,15000,4,8,0.5399288922247613,extended_k30,sample_size_sweep
30,15000,4,9,0.5434513682399833,extended_k30,sample_size_sweep
30,15000,4,10,0.5200584134493104,extended_k30,sample_size_sweep
30,15000,5,6,0.5454403479276286,extended_k30,sample_size_sweep
30,15000,5,7,0.5456783473340726,extended_k30,sample_size_sweep
30,15000,5,8,0.5854981539098342,extended_k30,sample_size_sweep
30,15000,5,9,0.6333174689093414,extended_k30,sample_size_sweep
30,15000,5,10,0.5671230795436786,extended_k30,sample_size_sweep
30,15000,6,7,0.6111248120998876,extended_k30,sample_size_sweep
30,15000,6,8,0.6070610907517174,extended_k30,sample_size_sweep
30,15000,6,9,0.58415785052027,extended_k30,sample_size_sweep
30,15000,6,10,0.5916508636170855,extended_k30,sample_size_sweep
30,15000,7,8,0.6436208026896889,extended_k30,sample_size_sweep
30,15000,7,9,0.5981745398521575,extended_k30,sample_size_sweep
30,15000,7,10,0.605083283235483,extended_k30,sample_size_sweep
30,15000,8,9,0.5760508293491937,extended_k30,sample_size_sweep
30,15000,8,10,0.586262377117238,extended_k30,sample_size_sweep
30,15000,9,10,0.5706447850831609,extended_k30,sample_size_sweep
40,2000,1,2,0.4424602699484451,extended_k40,sample_size_sweep
40,2000,1,3,0.3773617833917553,extended_k40,sample_size_sweep
40,2000,1,4,0.4081876788578843,extended_k40,sample_size_sweep
40,2000,1,5,0.4127774001591257,extended_k40,sample_size_sweep
40,2000,1,6,0.4048462409431346,extended_k40,sample_size_sweep
40,2000,1,7,0.4128718793786193,extended_k40,sample_size_sweep
40,2000,1,8,0.394502628009059,extended_k40,sample_size_sweep
40,2000,1,9,0.396872898508129,extended_k40,sample_size_sweep
40,2000,1,10,0.4191330409090342,extended_k40,sample_size_sweep
40,2000,2,3,0.4125031061681062,extended_k40,sample_size_sweep
40,2000,2,4,0.3923683023381637,extended_k40,sample_size_sweep
40,2000,2,5,0.4068578437197544,extended_k40,sample_size_sweep
40,2000,2,6,0.421436204630776,extended_k40,sample_size_sweep
40,2000,2,7,0.4071439987076622,extended_k40,sample_size_sweep
40,2000,2,8,0.4067252600299446,extended_k40,sample_size_sweep
40,2000,2,9,0.3936960912818193,extended_k40,sample_size_sweep
40,2000,2,10,0.4181093899830346,extended_k40,sample_size_sweep
40,2000,3,4,0.4553237529287642,extended_k40,sample_size_sweep
40,2000,3,5,0.4004383955810227,extended_k40,sample_size_sweep
40,2000,3,6,0.3740563627264866,extended_k40,sample_size_sweep
40,2000,3,7,0.3837416022103482,extended_k40,sample_size_sweep
40,2000,3,8,0.4358944242217273,extended_k40,sample_size_sweep
40,2000,3,9,0.3994276717459921,extended_k40,sample_size_sweep
40,2000,3,10,0.3872809733572991,extended_k40,sample_size_sweep
40,2000,4,5,0.4285595974082121,extended_k40,sample_size_sweep
40,2000,4,6,0.4327747236044098,extended_k40,sample_size_sweep
40,2000,4,7,0.4145048356315275,extended_k40,sample_size_sweep
40,2000,4,8,0.4409125963004613,extended_k40,sample_size_sweep
40,2000,4,9,0.4371676099148079,extended_k40,sample_size_sweep
40,2000,4,10,0.4435726927958036,extended_k40,sample_size_sweep
40,2000,5,6,0.414802361464226,extended_k40,sample_size_sweep
40,2000,5,7,0.4467528739125677,extended_k40,sample_size_sweep
40,2000,5,8,0.4557292214783769,extended_k40,sample_size_sweep
40,2000,5,9,0.405260782119307,extended_k40,sample_size_sweep
40,2000,5,10,0.4305289421272616,extended_k40,sample_size_sweep
40,2000,6,7,0.4203723193475693,extended_k40,sample_size_sweep
40,2000,6,8,0.4111678243035029,extended_k40,sample_size_sweep
40,2000,6,9,0.3915449786577472,extended_k40,sample_size_sweep
40,2000,6,10,0.4497755256173316,extended_k40,sample_size_sweep
40,2000,7,8,0.4805711473661866,extended_k40,sample_size_sweep
40,2000,7,9,0.408379284485472,extended_k40,sample_size_sweep
40,2000,7,10,0.4082724222616923,extended_k40,sample_size_sweep
40,2000,8,9,0.4358078937312675,extended_k40,sample_size_sweep
40,2000,8,10,0.4453403115778955,extended_k40,sample_size_sweep
40,2000,9,10,0.3729936016746535,extended_k40,sample_size_sweep
40,5000,1,2,0.4892202007879389,extended_k40,sample_size_sweep
40,5000,1,3,0.483622615766867,extended_k40,sample_size_sweep
40,5000,1,4,0.5075227591079614,extended_k40,sample_size_sweep
40,5000,1,5,0.4747804033747423,extended_k40,sample_size_sweep
40,5000,1,6,0.5391506734989572,extended_k40,sample_size_sweep
40,5000,1,7,0.4986171212172363,extended_k40,sample_size_sweep
40,5000,1,8,0.4932215255357636,extended_k40,sample_size_sweep
40,5000,1,9,0.4834793899417045,extended_k40,sample_size_sweep
40,5000,1,10,0.4712532952770432,extended_k40,sample_size_sweep
40,5000,2,3,0.4898686569562938,extended_k40,sample_size_sweep
40,5000,2,4,0.4753809881697232,extended_k40,sample_size_sweep
40,5000,2,5,0.5738886923213276,extended_k40,sample_size_sweep
40,5000,2,6,0.4591291127639391,extended_k40,sample_size_sweep
40,5000,2,7,0.4605572123867077,extended_k40,sample_size_sweep
40,5000,2,8,0.4475091381225906,extended_k40,sample_size_sweep
40,5000,2,9,0.4312269120312425,extended_k40,sample_size_sweep
40,5000,2,10,0.4758492965538227,extended_k40,sample_size_sweep
40,5000,3,4,0.4743529165475865,extended_k40,sample_size_sweep
40,5000,3,5,0.5135411024803801,extended_k40,sample_size_sweep
40,5000,3,6,0.4864986841205597,extended_k40,sample_size_sweep
40,5000,3,7,0.4841853446807511,extended_k40,sample_size_sweep
40,5000,3,8,0.4758052516026999,extended_k40,sample_size_sweep
40,5000,3,9,0.4317937372103,extended_k40,sample_size_sweep
40,5000,3,10,0.4763149642346809,extended_k40,sample_size_sweep
40,5000,4,5,0.47364809808057,extended_k40,sample_size_sweep
40,5000,4,6,0.5161404135625353,extended_k40,sample_size_sweep
40,5000,4,7,0.4607908841073808,extended_k40,sample_size_sweep
40,5000,4,8,0.5498620240940431,extended_k40,sample_size_sweep
40,5000,4,9,0.4574089401909783,extended_k40,sample_size_sweep
40,5000,4,10,0.4237563567522829,extended_k40,sample_size_sweep
40,5000,5,6,0.4678904085995942,extended_k40,sample_size_sweep
40,5000,5,7,0.531718195051435,extended_k40,sample_size_sweep
40,5000,5,8,0.4858093476618748,extended_k40,sample_size_sweep
40,5000,5,9,0.4569039085128963,extended_k40,sample_size_sweep
40,5000,5,10,0.4930005906772466,extended_k40,sample_size_sweep
40,5000,6,7,0.4786116601356502,extended_k40,sample_size_sweep
40,5000,6,8,0.5211118942763051,extended_k40,sample_size_sweep
40,5000,6,9,0.4913101532952398,extended_k40,sample_size_sweep
40,5000,6,10,0.4943844939422134,extended_k40,sample_size_sweep
40,5000,7,8,0.4815319989041196,extended_k40,sample_size_sweep
40,5000,7,9,0.4314969010095733,extended_k40,sample_size_sweep
40,5000,7,10,0.4715762221418204,extended_k40,sample_size_sweep
40,5000,8,9,0.440874003438188,extended_k40,sample_size_sweep
40,5000,8,10,0.4515257272441748,extended_k40,sample_size_sweep
40,5000,9,10,0.4615678585078875,extended_k40,sample_size_sweep
40,10000,1,2,0.5038502351421587,extended_k40,sample_size_sweep
40,10000,1,3,0.5813269914750564,extended_k40,sample_size_sweep
40,10000,1,4,0.511180188194166,extended_k40,sample_size_sweep
40,10000,1,5,0.5694882279764625,extended_k40,sample_size_sweep
40,10000,1,6,0.5091003609147935,extended_k40,sample_size_sweep
40,10000,1,7,0.5242018505385688,extended_k40,sample_size_sweep
40,10000,1,8,0.4914956865473946,extended_k40,sample_size_sweep
40,10000,1,9,0.5356609901080706,extended_k40,sample_size_sweep
40,10000,1,10,0.5330789754689246,extended_k40,sample_size_sweep
40,10000,2,3,0.5358730100247926,extended_k40,sample_size_sweep
40,10000,2,4,0.4833427262082904,extended_k40,sample_size_sweep
40,10000,2,5,0.5346736953126261,extended_k40,sample_size_sweep
40,10000,2,6,0.4713179670825904,extended_k40,sample_size_sweep
40,10000,2,7,0.5076151875249996,extended_k40,sample_size_sweep
40,10000,2,8,0.5541338335074926,extended_k40,sample_size_sweep
40,10000,2,9,0.5278780394591613,extended_k40,sample_size_sweep
40,10000,2,10,0.5493345715210612,extended_k40,sample_size_sweep
40,10000,3,4,0.5389037647232388,extended_k40,sample_size_sweep
40,10000,3,5,0.5556508537800249,extended_k40,sample_size_sweep
40,10000,3,6,0.4986775898346655,extended_k40,sample_size_sweep
40,10000,3,7,0.4987579623906744,extended_k40,sample_size_sweep
40,10000,3,8,0.5171651471374029,extended_k40,sample_size_sweep
40,10000,3,9,0.5045135004908324,extended_k40,sample_size_sweep
40,10000,3,10,0.5305037327052038,extended_k40,sample_size_sweep
40,10000,4,5,0.4915596926620341,extended_k40,sample_size_sweep
40,10000,4,6,0.59115855428547,extended_k40,sample_size_sweep
40,10000,4,7,0.5306665113019335,extended_k40,sample_size_sweep
40,10000,4,8,0.4988190323921402,extended_k40,sample_size_sweep
40,10000,4,9,0.5436363151078526,extended_k40,sample_size_sweep
40,10000,4,10,0.4791683886529977,extended_k40,sample_size_sweep
40,10000,5,6,0.5077793013875402,extended_k40,sample_size_sweep
40,10000,5,7,0.5298041347950208,extended_k40,sample_size_sweep
40,10000,5,8,0.5134766799891782,extended_k40,sample_size_sweep
40,10000,5,9,0.5192875821952556,extended_k40,sample_size_sweep
40,10000,5,10,0.4793034119066303,extended_k40,sample_size_sweep
40,10000,6,7,0.5442122297249048,extended_k40,sample_size_sweep
40,10000,6,8,0.4948683772580066,extended_k40,sample_size_sweep
40,10000,6,9,0.5838556924687871,extended_k40,sample_size_sweep
40,10000,6,10,0.4711075134321517,extended_k40,sample_size_sweep
40,10000,7,8,0.4899445167272722,extended_k40,sample_size_sweep
40,10000,7,9,0.5891993514475984,extended_k40,sample_size_sweep
40,10000,7,10,0.5575962676314755,extended_k40,sample_size_sweep
40,10000,8,9,0.5042863196210966,extended_k40,sample_size_sweep
40,10000,8,10,0.4697996383439231,extended_k40,sample_size_sweep
40,10000,9,10,0.5318499958661045,extended_k40,sample_size_sweep
40,12000,1,2,0.5359269578075265,policy300_k40,policy_300k_validation
40,12000,1,3,0.5591124368879662,policy300_k40,policy_300k_validation
40,12000,1,4,0.5382023350671822,policy300_k40,policy_300k_validation
40,12000,1,5,0.5530652499712995,policy300_k40,policy_300k_validation
40,12000,1,6,0.5175827374935765,policy300_k40,policy_300k_validation
40,12000,1,7,0.5288155511433493,policy300_k40,policy_300k_validation
40,12000,1,8,0.5104959857629335,policy300_k40,policy_300k_validation
40,12000,1,9,0.5735042649443451,policy300_k40,policy_300k_validation
40,12000,1,10,0.6096169501664171,policy300_k40,policy_300k_validation
40,12000,2,3,0.5204352641893303,policy300_k40,policy_300k_validation
40,12000,2,4,0.5614297284940829,policy300_k40,policy_300k_validation
40,12000,2,5,0.5213880204643934,policy300_k40,policy_300k_validation
40,12000,2,6,0.5436926733608889,policy300_k40,policy_300k_validation
40,12000,2,7,0.5754309157822725,policy300_k40,policy_300k_validation
40,12000,2,8,0.5296147120185671,policy300_k40,policy_300k_validation
40,12000,2,9,0.5265080673786826,policy300_k40,policy_300k_validation
40,12000,2,10,0.5289858786986023,policy300_k40,policy_300k_validation
40,12000,3,4,0.5803720624518344,policy300_k40,policy_300k_validation
40,12000,3,5,0.5140342762377994,policy300_k40,policy_300k_validation
40,12000,3,6,0.5758685473371896,policy300_k40,policy_300k_validation
40,12000,3,7,0.5774481869040893,policy300_k40,policy_300k_validation
40,12000,3,8,0.5867143156225179,policy300_k40,policy_300k_validation
40,12000,3,9,0.552897057321614,policy300_k40,policy_300k_validation
40,12000,3,10,0.5532436682879921,policy300_k40,policy_300k_validation
40,12000,4,5,0.5328216539188705,policy300_k40,policy_300k_validation
40,12000,4,6,0.5879214847160615,policy300_k40,policy_300k_validation
40,12000,4,7,0.5849671353912946,policy300_k40,policy_300k_validation
40,12000,4,8,0.5617067581489468,policy300_k40,policy_300k_validation
40,12000,4,9,0.5239302777942686,policy300_k40,policy_300k_validation
40,12000,4,10,0.5877161884575991,policy300_k40,policy_300k_validation
40,12000,5,6,0.5127073364111481,policy300_k40,policy_300k_validation
40,12000,5,7,0.550848353437898,policy300_k40,policy_300k_validation
40,12000,5,8,0.6060020689465369,policy300_k40,policy_300k_validation
40,12000,5,9,0.5751844394470642,policy300_k40,policy_300k_validation
40,12000,5,10,0.5479618477677288,policy300_k40,policy_300k_validation
40,12000,6,7,0.5979056257322316,policy300_k40,policy_300k_validation
40,12000,6,8,0.5659224430703205,policy300_k40,policy_300k_validation
40,12000,6,9,0.5671334679235029,policy300_k40,policy_300k_validation
40,12000,6,10,0.5735902687865815,policy300_k40,policy_300k_validation
40,12000,7,8,0.6256148016177164,policy300_k40,policy_300k_validation
40,12000,7,9,0.554500908307529,policy300_k40,policy_300k_validation
40,12000,7,10,0.574411139642267,policy300_k40,policy_300k_validation
40,12000,8,9,0.6076969988392011,policy300_k40,policy_300k_validation
40,12000,8,10,0.5511936382631174,policy300_k40,policy_300k_validation
40,12000,9,10,0.6147644951397253,policy300_k40,policy_300k_validation
40,12500,1,2,0.5493107881295565,refinement_k40,sample_size_refinement
40,12500,1,3,0.5429256936555578,refinement_k40,sample_size_refinement
40,12500,1,4,0.6019735530951482,refinement_k40,sample_size_refinement
40,12500,1,5,0.5610967877535431,refinement_k40,sample_size_refinement
40,12500,1,6,0.6144752463968657,refinement_k40,sample_size_refinement
40,12500,1,7,0.5893488707518778,refinement_k40,sample_size_refinement
40,12500,1,8,0.6233596426228086,refinement_k40,sample_size_refinement
40,12500,1,9,0.5897218216049005,refinement_k40,sample_size_refinement
40,12500,1,10,0.6042387437262912,refinement_k40,sample_size_refinement
40,12500,2,3,0.5410603183193666,refinement_k40,sample_size_refinement
40,12500,2,4,0.4961995731581083,refinement_k40,sample_size_refinement
40,12500,2,5,0.5735972880179592,refinement_k40,sample_size_refinement
40,12500,2,6,0.5406028003749183,refinement_k40,sample_size_refinement
40,12500,2,7,0.5377230230014066,refinement_k40,sample_size_refinement
40,12500,2,8,0.5410699946120049,refinement_k40,sample_size_refinement
40,12500,2,9,0.5111898111246476,refinement_k40,sample_size_refinement
40,12500,2,10,0.512302773267601,refinement_k40,sample_size_refinement
40,12500,3,4,0.556896013261342,refinement_k40,sample_size_refinement
40,12500,3,5,0.557047227754691,refinement_k40,sample_size_refinement
40,12500,3,6,0.5356458596851542,refinement_k40,sample_size_refinement
40,12500,3,7,0.5336299574493127,refinement_k40,sample_size_refinement
40,12500,3,8,0.5372594680156167,refinement_k40,sample_size_refinement
40,12500,3,9,0.5536612580333014,refinement_k40,sample_size_refinement
40,12500,3,10,0.5519279264002093,refinement_k40,sample_size_refinement
40,12500,4,5,0.5336108818096343,refinement_k40,sample_size_refinement
40,12500,4,6,0.5571304454952762,refinement_k40,sample_size_refinement
40,12500,4,7,0.5769685959531923,refinement_k40,sample_size_refinement
40,12500,4,8,0.5765526403760775,refinement_k40,sample_size_refinement
40,12500,4,9,0.590744120521667,refinement_k40,sample_size_refinement
40,12500,4,10,0.5765887224398846,refinement_k40,sample_size_refinement
40,12500,5,6,0.5192347402084874,refinement_k40,sample_size_refinement
40,12500,5,7,0.5196627331074722,refinement_k40,sample_size_refinement
40,12500,5,8,0.5496614043700457,refinement_k40,sample_size_refinement
40,12500,5,9,0.5333242600924144,refinement_k40,sample_size_refinement
40,12500,5,10,0.5516786110438275,refinement_k40,sample_size_refinement
40,12500,6,7,0.5664183776242916,refinement_k40,sample_size_refinement
40,12500,6,8,0.5675210820893957,refinement_k40,sample_size_refinement
40,12500,6,9,0.5365373822653922,refinement_k40,sample_size_refinement
40,12500,6,10,0.5278525562404113,refinement_k40,sample_size_refinement
40,12500,7,8,0.5156324855891542,refinement_k40,sample_size_refinement
40,12500,7,9,0.5188083442024329,refinement_k40,sample_size_refinement
40,12500,7,10,0.5732282427448073,refinement_k40,sample_size_refinement
40,12500,8,9,0.5341656459162125,refinement_k40,sample_size_refinement
40,12500,8,10,0.5645558175251117,refinement_k40,sample_size_refinement
40,12500,9,10,0.5306615614062105,refinement_k40,sample_size_refinement
40,15000,1,2,0.5533763337859926,refinement_k40,sample_size_refinement
40,15000,1,3,0.4992970931796758,refinement_k40,sample_size_refinement
40,15000,1,4,0.5466250507627012,refinement_k40,sample_size_refinement
40,15000,1,5,0.5128690454669628,refinement_k40,sample_size_refinement
40,15000,1,6,0.4881499146614691,refinement_k40,sample_size_refinement
40,15000,1,7,0.5223309086126016,refinement_k40,sample_size_refinement
40,15000,1,8,0.5485884137643721,refinement_k40,sample_size_refinement
40,15000,1,9,0.5443385018734026,refinement_k40,sample_size_refinement
40,15000,1,10,0.5502546930325956,refinement_k40,sample_size_refinement
40,15000,2,3,0.518832309908916,refinement_k40,sample_size_refinement
40,15000,2,4,0.5955607616724277,refinement_k40,sample_size_refinement
40,15000,2,5,0.5385036046089418,refinement_k40,sample_size_refinement
40,15000,2,6,0.5336789378406781,refinement_k40,sample_size_refinement
40,15000,2,7,0.5292960007071452,refinement_k40,sample_size_refinement
40,15000,2,8,0.5934980076195983,refinement_k40,sample_size_refinement
40,15000,2,9,0.5603692438279751,refinement_k40,sample_size_refinement
40,15000,2,10,0.5162965804289673,refinement_k40,sample_size_refinement
40,15000,3,4,0.5228303906806909,refinement_k40,sample_size_refinement
40,15000,3,5,0.6257127964119599,refinement_k40,sample_size_refinement
40,15000,3,6,0.526469090377954,refinement_k40,sample_size_refinement
40,15000,3,7,0.6058577348555929,refinement_k40,sample_size_refinement
40,15000,3,8,0.5517301045419021,refinement_k40,sample_size_refinement
40,15000,3,9,0.5587987498075824,refinement_k40,sample_size_refinement
40,15000,3,10,0.4852660955748836,refinement_k40,sample_size_refinement
40,15000,4,5,0.6185969023375233,refinement_k40,sample_size_refinement
40,15000,4,6,0.5455735969274812,refinement_k40,sample_size_refinement
40,15000,4,7,0.5883988969145845,refinement_k40,sample_size_refinement
40,15000,4,8,0.5629559841118601,refinement_k40,sample_size_refinement
40,15000,4,9,0.5590715012816272,refinement_k40,sample_size_refinement
40,15000,4,10,0.4974123487130761,refinement_k40,sample_size_refinement
40,15000,5,6,0.5539495818029072,refinement_k40,sample_size_refinement
40,15000,5,7,0.7099275609987151,refinement_k40,sample_size_refinement
40,15000,5,8,0.6033899570476243,refinement_k40,sample_size_refinement
40,15000,5,9,0.6478612623475704,refinement_k40,sample_size_refinement
40,15000,5,10,0.5295657243728156,refinement_k40,sample_size_refinement
40,15000,6,7,0.5607529370879024,refinement_k40,sample_size_refinement
40,15000,6,8,0.565215715525615,refinement_k40,sample_size_refinement
40,15000,6,9,0.5901919163277233,refinement_k40,sample_size_refinement
40,15000,6,10,0.5268397960642184,refinement_k40,sample_size_refinement
40,15000,7,8,0.5838447739976327,refinement_k40,sample_size_refinement
40,15000,7,9,0.6321766734388591,refinement_k40,sample_size_refinement
40,15000,7,10,0.526211502620042,refinement_k40,sample_size_refinement
40,15000,8,9,0.595331906454499,refinement_k40,sample_size_refinement
40,15000,8,10,0.5009953743019182,refinement_k40,sample_size_refinement
40,15000,9,10,0.5693880632356809,refinement_k40,sample_size_refinement
40,17500,1,2,0.6763455671440668,refinement_k40,sample_size_refinement
40,17500,1,3,0.6368226439852372,refinement_k40,sample_size_refinement
40,17500,1,4,0.6700483811154625,refinement_k40,sample_size_refinement
40,17500,1,5,0.620893102051845,refinement_k40,sample_size_refinement
40,17500,1,6,0.6434749440462489,refinement_k40,sample_size_refinement
40,17500,1,7,0.6400958786702144,refinement_k40,sample_size_refinement
40,17500,1,8,0.6664006157977205,refinement_k40,sample_size_refinement
40,17500,1,9,0.5931222755881832,refinement_k40,sample_size_refinement
40,17500,1,10,0.585488138425952,refinement_k40,sample_size_refinement
40,17500,2,3,0.6220764762496134,refinement_k40,sample_size_refinement
40,17500,2,4,0.5808746352114911,refinement_k40,sample_size_refinement
40,17500,2,5,0.6261790899344054,refinement_k40,sample_size_refinement
40,17500,2,6,0.5951200246477777,refinement_k40,sample_size_refinement
40,17500,2,7,0.5683623846262722,refinement_k40,sample_size_refinement
40,17500,2,8,0.585673694624673,refinement_k40,sample_size_refinement
40,17500,2,9,0.564021268261282,refinement_k40,sample_size_refinement
40,17500,2,10,0.5936914072507997,refinement_k40,sample_size_refinement
40,17500,3,4,0.6089455841387148,refinement_k40,sample_size_refinement
40,17500,3,5,0.6326838538722339,refinement_k40,sample_size_refinement
40,17500,3,6,0.5864096201102469,refinement_k40,sample_size_refinement
40,17500,3,7,0.6086789255917329,refinement_k40,sample_size_refinement
40,17500,3,8,0.6880123874011153,refinement_k40,sample_size_refinement
40,17500,3,9,0.610850441001087,refinement_k40,sample_size_refinement
40,17500,3,10,0.5807001286571979,refinement_k40,sample_size_refinement
40,17500,4,5,0.5629355538065626,refinement_k40,sample_size_refinement
40,17500,4,6,0.5571619212536376,refinement_k40,sample_size_refinement
40,17500,4,7,0.7272316549587936,refinement_k40,sample_size_refinement
40,17500,4,8,0.672597554705155,refinement_k40,sample_size_refinement
40,17500,4,9,0.5903368861811422,refinement_k40,sample_size_refinement
40,17500,4,10,0.578493159896277,refinement_k40,sample_size_refinement
40,17500,5,6,0.5683849092838923,refinement_k40,sample_size_refinement
40,17500,5,7,0.5354814119647803,refinement_k40,sample_size_refinement
40,17500,5,8,0.5480186737714324,refinement_k40,sample_size_refinement
40,17500,5,9,0.6160344667558061,refinement_k40,sample_size_refinement
40,17500,5,10,0.6087215566728482,refinement_k40,sample_size_refinement
40,17500,6,7,0.5671502153966294,refinement_k40,sample_size_refinement
40,17500,6,8,0.591682380846356,refinement_k40,sample_size_refinement
40,17500,6,9,0.564330121279607,refinement_k40,sample_size_refinement
40,17500,6,10,0.5179487772696847,refinement_k40,sample_size_refinement
40,17500,7,8,0.6636151020031533,refinement_k40,sample_size_refinement
40,17500,7,9,0.5544970954611175,refinement_k40,sample_size_refinement
40,17500,7,10,0.562868124004522,refinement_k40,sample_size_refinement
40,17500,8,9,0.5634461390667034,refinement_k40,sample_size_refinement
40,17500,8,10,0.5509298661588992,refinement_k40,sample_size_refinement
40,17500,9,10,0.5729173869902652,refinement_k40,sample_size_refinement
40,20000,1,2,0.5623089753350207,extended_k40,sample_size_sweep
40,20000,1,3,0.5996335591362241,extended_k40,sample_size_sweep
40,20000,1,4,0.5729746260975738,extended_k40,sample_size_sweep
40,20000,1,5,0.5683402749784597,extended_k40,sample_size_sweep
40,20000,1,6,0.6050987681799557,extended_k40,sample_size_sweep
40,20000,1,7,0.5888161229453087,extended_k40,sample_size_sweep
40,20000,1,8,0.6332585829247849,extended_k40,sample_size_sweep
40,20000,1,9,0.5541958038934532,extended_k40,sample_size_sweep
40,20000,1,10,0.5876861647451331,extended_k40,sample_size_sweep
40,20000,2,3,0.5434412081486739,extended_k40,sample_size_sweep
40,20000,2,4,0.5875194334915438,extended_k40,sample_size_sweep
40,20000,2,5,0.5402724385372083,extended_k40,sample_size_sweep
40,20000,2,6,0.5466772752258939,extended_k40,sample_size_sweep
40,20000,2,7,0.5904695879217422,extended_k40,sample_size_sweep
40,20000,2,8,0.5545575086906893,extended_k40,sample_size_sweep
40,20000,2,9,0.5179868569979605,extended_k40,sample_size_sweep
40,20000,2,10,0.5513062479389474,extended_k40,sample_size_sweep
40,20000,3,4,0.6115935924754775,extended_k40,sample_size_sweep
40,20000,3,5,0.6120851102539511,extended_k40,sample_size_sweep
40,20000,3,6,0.5917158904023297,extended_k40,sample_size_sweep
40,20000,3,7,0.5678465538453065,extended_k40,sample_size_sweep
40,20000,3,8,0.5939500386988485,extended_k40,sample_size_sweep
40,20000,3,9,0.5788986623316045,extended_k40,sample_size_sweep
40,20000,3,10,0.5598997405196335,extended_k40,sample_size_sweep
40,20000,4,5,0.6092134416011741,extended_k40,sample_size_sweep
40,20000,4,6,0.5894750253871441,extended_k40,sample_size_sweep
40,20000,4,7,0.6083998805138092,extended_k40,sample_size_sweep
40,20000,4,8,0.6208721582544792,extended_k40,sample_size_sweep
40,20000,4,9,0.5834924679634181,extended_k40,sample_size_sweep
40,20000,4,10,0.5718110556837193,extended_k40,sample_size_sweep
40,20000,5,6,0.5883867919643847,extended_k40,sample_size_sweep
40,20000,5,7,0.5687821985635751,extended_k40,sample_size_sweep
40,20000,5,8,0.5751471796205554,extended_k40,sample_size_sweep
40,20000,5,9,0.5478470895985612,extended_k40,sample_size_sweep
40,20000,5,10,0.5748479053594566,extended_k40,sample_size_sweep
40,20000,6,7,0.5948784967971341,extended_k40,sample_size_sweep
40,20000,6,8,0.6277425096938263,extended_k40,sample_size_sweep
40,20000,6,9,0.566881648258837,extended_k40,sample_size_sweep
40,20000,6,10,0.5862956251861235,extended_k40,sample_size_sweep
40,20000,7,8,0.586981717164766,extended_k40,sample_size_sweep
40,20000,7,9,0.5701038203374852,extended_k40,sample_size_sweep
40,20000,7,10,0.5581534961037706,extended_k40,sample_size_sweep
40,20000,8,9,0.5743836829917495,extended_k40,sample_size_sweep
40,20000,8,10,0.6013608126567953,extended_k40,sample_size_sweep
40,20000,9,10,0.5154822777162935,extended_k40,sample_size_sweep
50,2000,1,2,0.4106944305483898,extended_k50,sample_size_sweep
50,2000,1,3,0.3750854803850156,extended_k50,sample_size_sweep
50,2000,1,4,0.3847257494178198,extended_k50,sample_size_sweep
50,2000,1,5,0.4042603812137851,extended_k50,sample_size_sweep
50,2000,1,6,0.4249362297900614,extended_k50,sample_size_sweep
50,2000,1,7,0.3680894546415168,extended_k50,sample_size_sweep
50,2000,1,8,0.384721892402059,extended_k50,sample_size_sweep
50,2000,1,9,0.405527127520956,extended_k50,sample_size_sweep
50,2000,1,10,0.3813806199426875,extended_k50,sample_size_sweep
50,2000,2,3,0.3952808641446853,extended_k50,sample_size_sweep
50,2000,2,4,0.3628666327983315,extended_k50,sample_size_sweep
50,2000,2,5,0.3867927205410108,extended_k50,sample_size_sweep
50,2000,2,6,0.4070634693998448,extended_k50,sample_size_sweep
50,2000,2,7,0.3706268708585442,extended_k50,sample_size_sweep
50,2000,2,8,0.3779026901071928,extended_k50,sample_size_sweep
50,2000,2,9,0.3965823952456532,extended_k50,sample_size_sweep
50,2000,2,10,0.3711903147303084,extended_k50,sample_size_sweep
50,2000,3,4,0.4117549801711573,extended_k50,sample_size_sweep
50,2000,3,5,0.3619061563685032,extended_k50,sample_size_sweep
50,2000,3,6,0.3599399647604723,extended_k50,sample_size_sweep
50,2000,3,7,0.3627935268447782,extended_k50,sample_size_sweep
50,2000,3,8,0.3850610253942654,extended_k50,sample_size_sweep
50,2000,3,9,0.3826555085171925,extended_k50,sample_size_sweep
50,2000,3,10,0.3398772276613848,extended_k50,sample_size_sweep
50,2000,4,5,0.3849048267473752,extended_k50,sample_size_sweep
50,2000,4,6,0.4020653925346691,extended_k50,sample_size_sweep
50,2000,4,7,0.4051431393609023,extended_k50,sample_size_sweep
50,2000,4,8,0.4160496444246794,extended_k50,sample_size_sweep
50,2000,4,9,0.4293342323483925,extended_k50,sample_size_sweep
50,2000,4,10,0.4201554065464286,extended_k50,sample_size_sweep
50,2000,5,6,0.4226122918087275,extended_k50,sample_size_sweep
50,2000,5,7,0.3956588192597964,extended_k50,sample_size_sweep
50,2000,5,8,0.4104612419863072,extended_k50,sample_size_sweep
50,2000,5,9,0.4010426420617189,extended_k50,sample_size_sweep
50,2000,5,10,0.407523946043474,extended_k50,sample_size_sweep
50,2000,6,7,0.3842000726059632,extended_k50,sample_size_sweep
50,2000,6,8,0.3893958247808013,extended_k50,sample_size_sweep
50,2000,6,9,0.411915836766166,extended_k50,sample_size_sweep
50,2000,6,10,0.3989683678822299,extended_k50,sample_size_sweep
50,2000,7,8,0.4269209301388923,extended_k50,sample_size_sweep
50,2000,7,9,0.4338158157019151,extended_k50,sample_size_sweep
50,2000,7,10,0.408299657169102,extended_k50,sample_size_sweep
50,2000,8,9,0.4303213018760173,extended_k50,sample_size_sweep
50,2000,8,10,0.451281520615132,extended_k50,sample_size_sweep
50,2000,9,10,0.4105028878955558,extended_k50,sample_size_sweep
50,5000,1,2,0.4664464686006109,extended_k50,sample_size_sweep
50,5000,1,3,0.4663890547568324,extended_k50,sample_size_sweep
50,5000,1,4,0.4525370939288121,extended_k50,sample_size_sweep
50,5000,1,5,0.4949613013959325,extended_k50,sample_size_sweep
50,5000,1,6,0.4449975133322381,extended_k50,sample_size_sweep
50,5000,1,7,0.4809828277753543,extended_k50,sample_size_sweep
50,5000,1,8,0.4633239432548193,extended_k50,sample_size_sweep
50,5000,1,9,0.4454418281964919,extended_k50,sample_size_sweep
50,5000,1,10,0.4729634557586791,extended_k50,sample_size_sweep
50,5000,2,3,0.4471653612815935,extended_k50,sample_size_sweep
50,5000,2,4,0.4410232510090362,extended_k50,sample_size_sweep
50,5000,2,5,0.5036904943046159,extended_k50,sample_size_sweep
50,5000,2,6,0.45784965372848,extended_k50,sample_size_sweep
50,5000,2,7,0.4329256365580624,extended_k50,sample_size_sweep
50,5000,2,8,0.4599206170136768,extended_k50,sample_size_sweep
50,5000,2,9,0.4206810283884613,extended_k50,sample_size_sweep
50,5000,2,10,0.4407226217274794,extended_k50,sample_size_sweep
50,5000,3,4,0.4574330270173923,extended_k50,sample_size_sweep
50,5000,3,5,0.4637377003244637,extended_k50,sample_size_sweep
50,5000,3,6,0.4394966314131145,extended_k50,sample_size_sweep
50,5000,3,7,0.4857941638420029,extended_k50,sample_size_sweep
50,5000,3,8,0.4550905484490992,extended_k50,sample_size_sweep
50,5000,3,9,0.4530653422616934,extended_k50,sample_size_sweep
50,5000,3,10,0.499270556666167,extended_k50,sample_size_sweep
50,5000,4,5,0.4505802913083341,extended_k50,sample_size_sweep
50,5000,4,6,0.4497461396887045,extended_k50,sample_size_sweep
50,5000,4,7,0.4386814956766832,extended_k50,sample_size_sweep
50,5000,4,8,0.4519137952249004,extended_k50,sample_size_sweep
50,5000,4,9,0.4535749287771223,extended_k50,sample_size_sweep
50,5000,4,10,0.4431198650251678,extended_k50,sample_size_sweep
50,5000,5,6,0.4528764286054916,extended_k50,sample_size_sweep
50,5000,5,7,0.4741841954550057,extended_k50,sample_size_sweep
50,5000,5,8,0.4453769242224826,extended_k50,sample_size_sweep
50,5000,5,9,0.4866288072832131,extended_k50,sample_size_sweep
50,5000,5,10,0.4765680114803231,extended_k50,sample_size_sweep
50,5000,6,7,0.4439777217608084,extended_k50,sample_size_sweep
50,5000,6,8,0.4553480021895985,extended_k50,sample_size_sweep
50,5000,6,9,0.430053677474386,extended_k50,sample_size_sweep
50,5000,6,10,0.4741707610359393,extended_k50,sample_size_sweep
50,5000,7,8,0.4248697980627561,extended_k50,sample_size_sweep
50,5000,7,9,0.4551055034794978,extended_k50,sample_size_sweep
50,5000,7,10,0.4764630453982422,extended_k50,sample_size_sweep
50,5000,8,9,0.4153118801210778,extended_k50,sample_size_sweep
50,5000,8,10,0.4410740156307448,extended_k50,sample_size_sweep
50,5000,9,10,0.4731780038164557,extended_k50,sample_size_sweep
50,10000,1,2,0.5472297404036257,extended_k50,sample_size_sweep
50,10000,1,3,0.4814935303776869,extended_k50,sample_size_sweep
50,10000,1,4,0.5401059290337593,extended_k50,sample_size_sweep
50,10000,1,5,0.5247665930906298,extended_k50,sample_size_sweep
50,10000,1,6,0.514006687079379,extended_k50,sample_size_sweep
50,10000,1,7,0.4883816106063508,extended_k50,sample_size_sweep
50,10000,1,8,0.5179353530976738,extended_k50,sample_size_sweep
50,10000,1,9,0.5372503224501026,extended_k50,sample_size_sweep
50,10000,1,10,0.5053745694288723,extended_k50,sample_size_sweep
50,10000,2,3,0.4633498173730435,extended_k50,sample_size_sweep
50,10000,2,4,0.5575216019429169,extended_k50,sample_size_sweep
50,10000,2,5,0.4916288187391237,extended_k50,sample_size_sweep
50,10000,2,6,0.554069944767497,extended_k50,sample_size_sweep
50,10000,2,7,0.4822389360142746,extended_k50,sample_size_sweep
50,10000,2,8,0.5354022949743709,extended_k50,sample_size_sweep
50,10000,2,9,0.4995785337062441,extended_k50,sample_size_sweep
50,10000,2,10,0.485395979717562,extended_k50,sample_size_sweep
50,10000,3,4,0.5047241536858299,extended_k50,sample_size_sweep
50,10000,3,5,0.4885539927042369,extended_k50,sample_size_sweep
50,10000,3,6,0.44697980044866,extended_k50,sample_size_sweep
50,10000,3,7,0.4386531830696675,extended_k50,sample_size_sweep
50,10000,3,8,0.4599760757807113,extended_k50,sample_size_sweep
50,10000,3,9,0.4932654749086714,extended_k50,sample_size_sweep
50,10000,3,10,0.4660506531275856,extended_k50,sample_size_sweep
50,10000,4,5,0.4786826659102147,extended_k50,sample_size_sweep
50,10000,4,6,0.5196414179026184,extended_k50,sample_size_sweep
50,10000,4,7,0.4628489306314417,extended_k50,sample_size_sweep
50,10000,4,8,0.5022423441240706,extended_k50,sample_size_sweep
50,10000,4,9,0.5443024944632269,extended_k50,sample_size_sweep
50,10000,4,10,0.4846720265445459,extended_k50,sample_size_sweep
50,10000,5,6,0.5121345839952366,extended_k50,sample_size_sweep
50,10000,5,7,0.4850388815262413,extended_k50,sample_size_sweep
50,10000,5,8,0.4889266798318588,extended_k50,sample_size_sweep
50,10000,5,9,0.474611854631815,extended_k50,sample_size_sweep
50,10000,5,10,0.4815841132980307,extended_k50,sample_size_sweep
50,10000,6,7,0.4595704351185506,extended_k50,sample_size_sweep
50,10000,6,8,0.5632308158463203,extended_k50,sample_size_sweep
50,10000,6,9,0.5346592826173315,extended_k50,sample_size_sweep
50,10000,6,10,0.4784863468233902,extended_k50,sample_size_sweep
50,10000,7,8,0.4460163013783753,extended_k50,sample_size_sweep
50,10000,7,9,0.4967845316326671,extended_k50,sample_size_sweep
50,10000,7,10,0.5320645344699484,extended_k50,sample_size_sweep
50,10000,8,9,0.479443011227752,extended_k50,sample_size_sweep
50,10000,8,10,0.4579787755177165,extended_k50,sample_size_sweep
50,10000,9,10,0.5624857099007937,extended_k50,sample_size_sweep
50,15000,1,2,0.5562366564286946,refinement_k50,sample_size_refinement
50,15000,1,3,0.5427786012122731,refinement_k50,sample_size_refinement
50,15000,1,4,0.5284399875891689,refinement_k50,sample_size_refinement
50,15000,1,5,0.5504902736985092,refinement_k50,sample_size_refinement
50,15000,1,6,0.5432300579101406,refinement_k50,sample_size_refinement
50,15000,1,7,0.5023433575563514,refinement_k50,sample_size_refinement
50,15000,1,8,0.5274485264152585,refinement_k50,sample_size_refinement
50,15000,1,9,0.5342039926613831,refinement_k50,sample_size_refinement
50,15000,1,10,0.5438949586565625,refinement_k50,sample_size_refinement
50,15000,2,3,0.5389078275942609,refinement_k50,sample_size_refinement
50,15000,2,4,0.5291058880019605,refinement_k50,sample_size_refinement
50,15000,2,5,0.6223134836649828,refinement_k50,sample_size_refinement
50,15000,2,6,0.5343461640405371,refinement_k50,sample_size_refinement
50,15000,2,7,0.5594839056895085,refinement_k50,sample_size_refinement
50,15000,2,8,0.5754539725908324,refinement_k50,sample_size_refinement
50,15000,2,9,0.6112923829905551,refinement_k50,sample_size_refinement
50,15000,2,10,0.5443191552317939,refinement_k50,sample_size_refinement
50,15000,3,4,0.522592806013642,refinement_k50,sample_size_refinement
50,15000,3,5,0.5310125981154975,refinement_k50,sample_size_refinement
50,15000,3,6,0.5016961495015596,refinement_k50,sample_size_refinement
50,15000,3,7,0.5454895496594373,refinement_k50,sample_size_refinement
50,15000,3,8,0.4794834695992767,refinement_k50,sample_size_refinement
50,15000,3,9,0.5349898339707125,refinement_k50,sample_size_refinement
50,15000,3,10,0.5067825138120451,refinement_k50,sample_size_refinement
50,15000,4,5,0.5513027753262474,refinement_k50,sample_size_refinement
50,15000,4,6,0.4682598815751227,refinement_k50,sample_size_refinement
50,15000,4,7,0.5206002154450113,refinement_k50,sample_size_refinement
50,15000,4,8,0.5603335220158917,refinement_k50,sample_size_refinement
50,15000,4,9,0.5117533421101488,refinement_k50,sample_size_refinement
50,15000,4,10,0.4701240201593017,refinement_k50,sample_size_refinement
50,15000,5,6,0.5251868995413794,refinement_k50,sample_size_refinement
50,15000,5,7,0.5596003953313864,refinement_k50,sample_size_refinement
50,15000,5,8,0.6014370075707823,refinement_k50,sample_size_refinement
50,15000,5,9,0.5978212340348676,refinement_k50,sample_size_refinement
50,15000,5,10,0.5418812520444901,refinement_k50,sample_size_refinement
50,15000,6,7,0.517641178256259,refinement_k50,sample_size_refinement
50,15000,6,8,0.5185271473898757,refinement_k50,sample_size_refinement
50,15000,6,9,0.5427511611076289,refinement_k50,sample_size_refinement
50,15000,6,10,0.5207188476775216,refinement_k50,sample_size_refinement
50,15000,7,8,0.5022796546001141,refinement_k50,sample_size_refinement
50,15000,7,9,0.5511629058231535,refinement_k50,sample_size_refinement
50,15000,7,10,0.4921478721433123,refinement_k50,sample_size_refinement
50,15000,8,9,0.5682948312754998,refinement_k50,sample_size_refinement
50,15000,8,10,0.5689591531261956,refinement_k50,sample_size_refinement
50,15000,9,10,0.5562898759362828,refinement_k50,sample_size_refinement
50,20000,1,2,0.6153453567092714,refinement_k50,sample_size_refinement
50,20000,1,3,0.5643061949399766,refinement_k50,sample_size_refinement
50,20000,1,4,0.6290742220771977,refinement_k50,sample_size_refinement
50,20000,1,5,0.5220197332298814,refinement_k50,sample_size_refinement
50,20000,1,6,0.5625658418360181,refinement_k50,sample_size_refinement
50,20000,1,7,0.537483835181067,refinement_k50,sample_size_refinement
50,20000,1,8,0.5793678346405862,refinement_k50,sample_size_refinement
50,20000,1,9,0.5262177206314944,refinement_k50,sample_size_refinement
50,20000,1,10,0.5950706532415179,refinement_k50,sample_size_refinement
50,20000,2,3,0.5565417491266504,refinement_k50,sample_size_refinement
50,20000,2,4,0.5630047855446667,refinement_k50,sample_size_refinement
50,20000,2,5,0.55489595876147,refinement_k50,sample_size_refinement
50,20000,2,6,0.532657203138637,refinement_k50,sample_size_refinement
50,20000,2,7,0.4852701866240819,refinement_k50,sample_size_refinement
50,20000,2,8,0.5418060742639407,refinement_k50,sample_size_refinement
50,20000,2,9,0.5474180265190076,refinement_k50,sample_size_refinement
50,20000,2,10,0.5285444344507176,refinement_k50,sample_size_refinement
50,20000,3,4,0.5125053245080993,refinement_k50,sample_size_refinement
50,20000,3,5,0.5564921769713481,refinement_k50,sample_size_refinement
50,20000,3,6,0.512625872265114,refinement_k50,sample_size_refinement
50,20000,3,7,0.5336070144355771,refinement_k50,sample_size_refinement
50,20000,3,8,0.5381516132671175,refinement_k50,sample_size_refinement
50,20000,3,9,0.596758619039063,refinement_k50,sample_size_refinement
50,20000,3,10,0.5752270958010631,refinement_k50,sample_size_refinement
50,20000,4,5,0.467961494572047,refinement_k50,sample_size_refinement
50,20000,4,6,0.5486266405765214,refinement_k50,sample_size_refinement
50,20000,4,7,0.571055995397871,refinement_k50,sample_size_refinement
50,20000,4,8,0.5241412238869758,refinement_k50,sample_size_refinement
50,20000,4,9,0.5893780913949476,refinement_k50,sample_size_refinement
50,20000,4,10,0.5921111428885577,refinement_k50,sample_size_refinement
50,20000,5,6,0.5183227749820802,refinement_k50,sample_size_refinement
50,20000,5,7,0.4850413411393761,refinement_k50,sample_size_refinement
50,20000,5,8,0.5210761306535352,refinement_k50,sample_size_refinement
50,20000,5,9,0.5590755406253921,refinement_k50,sample_size_refinement
50,20000,5,10,0.4989975281093373,refinement_k50,sample_size_refinement
50,20000,6,7,0.5772094314950647,refinement_k50,sample_size_refinement
50,20000,6,8,0.5319209791730626,refinement_k50,sample_size_refinement
50,20000,6,9,0.5386974362662046,refinement_k50,sample_size_refinement
50,20000,6,10,0.5779310232692488,refinement_k50,sample_size_refinement
50,20000,7,8,0.4813945287925725,refinement_k50,sample_size_refinement
50,20000,7,9,0.5870658686098864,refinement_k50,sample_size_refinement
50,20000,7,10,0.5940233694788003,refinement_k50,sample_size_refinement
50,20000,8,9,0.5317826103866399,refinement_k50,sample_size_refinement
50,20000,8,10,0.5545098768074553,refinement_k50,sample_size_refinement
50,20000,9,10,0.5884194213316651,refinement_k50,sample_size_refinement
50,25000,1,2,0.5832130184980051,extended_k50,sample_size_sweep
50,25000,1,3,0.5831364807295671,extended_k50,sample_size_sweep
50,25000,1,4,0.5810296522554969,extended_k50,sample_size_sweep
50,25000,1,5,0.5366013296503073,extended_k50,sample_size_sweep
50,25000,1,6,0.5217914748792241,extended_k50,sample_size_sweep
50,25000,1,7,0.5907394675556281,extended_k50,sample_size_sweep
50,25000,1,8,0.5412874391869362,extended_k50,sample_size_sweep
50,25000,1,9,0.6289877149492032,extended_k50,sample_size_sweep
50,25000,1,10,0.5763599593504503,extended_k50,sample_size_sweep
50,25000,2,3,0.5987319494597687,extended_k50,sample_size_sweep
50,25000,2,4,0.6223061983517757,extended_k50,sample_size_sweep
50,25000,2,5,0.6017719381829255,extended_k50,sample_size_sweep
50,25000,2,6,0.5770173738177786,extended_k50,sample_size_sweep
50,25000,2,7,0.6142217011133622,extended_k50,sample_size_sweep
50,25000,2,8,0.5621014188117459,extended_k50,sample_size_sweep
50,25000,2,9,0.5964980956740317,extended_k50,sample_size_sweep
50,25000,2,10,0.6227054672989382,extended_k50,sample_size_sweep
50,25000,3,4,0.5880876927056867,extended_k50,sample_size_sweep
50,25000,3,5,0.6305319069827625,extended_k50,sample_size_sweep
50,25000,3,6,0.5193715076365308,extended_k50,sample_size_sweep
50,25000,3,7,0.5670283145262315,extended_k50,sample_size_sweep
50,25000,3,8,0.5424743245268444,extended_k50,sample_size_sweep
50,25000,3,9,0.5805951206293853,extended_k50,sample_size_sweep
50,25000,3,10,0.5522621480475616,extended_k50,sample_size_sweep
50,25000,4,5,0.5931849629364137,extended_k50,sample_size_sweep
50,25000,4,6,0.5363497905582175,extended_k50,sample_size_sweep
50,25000,4,7,0.5683336424071266,extended_k50,sample_size_sweep
50,25000,4,8,0.5492343030270647,extended_k50,sample_size_sweep
50,25000,4,9,0.6007380339848997,extended_k50,sample_size_sweep
50,25000,4,10,0.5852556317254453,extended_k50,sample_size_sweep
50,25000,5,6,0.4881765139560444,extended_k50,sample_size_sweep
50,25000,5,7,0.5280404280333969,extended_k50,sample_size_sweep
50,25000,5,8,0.555029302229635,extended_k50,sample_size_sweep
50,25000,5,9,0.5475270024711086,extended_k50,sample_size_sweep
50,25000,5,10,0.5589703619161509,extended_k50,sample_size_sweep
50,25000,6,7,0.5506382592195371,extended_k50,sample_size_sweep
50,25000,6,8,0.5391797817914967,extended_k50,sample_size_sweep
50,25000,6,9,0.5610370854706418,extended_k50,sample_size_sweep
50,25000,6,10,0.52763144160663,extended_k50,sample_size_sweep
50,25000,7,8,0.5411849281680076,extended_k50,sample_size_sweep
50,25000,7,9,0.5766263629129058,extended_k50,sample_size_sweep
50,25000,7,10,0.6058062960978875,extended_k50,sample_size_sweep
50,25000,8,9,0.5749716038220848,extended_k50,sample_size_sweep
50,25000,8,10,0.5784462970110362,extended_k50,sample_size_sweep
50,25000,9,10,0.5600338141656823,extended_k50,sample_size_sweep
